1000092
1000447
1000687
1001170
1001303
1001319
1001641
1001766
1001843
1001862
1002153
1002219
1002424
1003178
1003337
1003871
1003961
1004722
1004979
1005160
1005291
1005316
1005658
1005971
1006544
1007097
1007896
1007963
1008510
1009494
1009511
1009749
1010221
1010581
1010608
1010958
1010963
1011130
1011152
1011572
1011668
1011773
1012408
1012544
1013138
1013212
1013845
1013950
1014151
1014567
1014705
1015294
1015560
1015614
1015738
1015815
1016750
1017041
1017879
1018316
1018752
1019481
1019696
1020727
1020763
1021135
1021240
1021355
1022021
1022271
1022415
1022824
1022913
1023125
1023331
1023482
1024860
1025195
1025436
1025725
1026181
1026372
1026599
1027171
1027307
1027451
1028008
1028687
1029264
1029638
1030220
1030246
1030316
1030670
1031069
1031333
1031870
1032087
1032098
1033084
1033179
1033443
1034039
1034060
1034259
1034346
1035399
1035643
1035897
1036255
1036385
1037028
1037056
1037197
1037269
1037344
1037534
1037586
1037799
1038002
1038244
1038369
1038860
1039466
1039776
1039968
1040251
1040621
1040823
1040956
1041287
1041389
1041914
1042289
1042324
1042670
1043255
1043476
1043898
1043991
1044449
1044672
1045295
1045412
1045784
1045872
1046261
1046367
1046462
1046475
1046757
1046864
1046974
1047113
1047212
1047260
1047296
1048211
1048360
1048869
1049686
1050053
1050079
1050328
1051066
1051282
1051465
1051608
1051825
1052510
1052742
1052924
1053259
1054228
1054902
1054933
1055065
1055205
1055270
1055307
1055312
1055402
1055852
1056037
1056658
1056955
1057679
1057690
1057725
1057739
1057808
1058143
1058333
1058620
1058863
1058939
1059086
1059225
1059556
1059616
1059698
1059851
1059948
1060137
1060536
1061540
1062500
1062562
1062982
1063581
1063984
1063999
1064752
1064894
1065095
1065672
1066247
1067170
1067210
1067493
1068371
1069364
1069405
1070443
1070652
1070713
1071134
1071284
1073215
1073222
1073613
1073899
1073954
1074068
1074208
1074501
1074569
1075051
1075128
1075282
1075667
1075762
1076016
1076834
1077050
1077238
1078039
1078755
1078817
1079118
1079425
1079441
1079567
1079693
1079727
1080100
1080175
1080719
1080756
1080785
1081003
1081763
1082018
1082548
1082841
1082854
1083108
1085298
1085879
1085983
1086401
1087294
1087308
1087630
1087683
1087918
1088053
1088255
1088271
1088332
1088862
1089324
1089955
1090004
1090524
1090944
1091081
1091160
1091324
1091453
1091479
1091545
1091726
1092461
1093028
1093226
1093306
1094401
1094447
1094662
1094675
1094874
1095271
1095385
1096235
1096911
1097116
1097293
1097333
1097657
1097761
1097870
1098712
1098725
1098961
1099011
1099070
1099416
1099507
1099573
1099918
1100014
1100209
1100423
1100467
1100638
1100691
1101061
1101102
1101523
1101943
1102119
1103242
1103715
1103830
1103968
1104867
1105298
1105456
1105477
1105542
1105570
1105734
1105930
1106254
1106327
1106503
1106981
1108422
1108464
1108904
1110626
1111603
1111982
1112034
1112086
1112120
1112296
1112426
1112561
1113001
1113014
1113198
1113264
1113281
1113345
1113521
1113884
1115018
1115491
1115812
1115825
1116229
1116245
1116376
1116707
1117064
1117220
1117877
1117923
1118041
1118527
1118633
1118771
1118835
1119085
1119344
1119412
1119857
1119900
1119943
1120170
1120361
1120641
1120718
1120920
1121033
1121253
1121537
1122368
1122439
1122488
1122534
1122676
1122820
1123542
1124011
1124036
1124144
1124285
1124308
1124918
1125038
1125108
1125242
1125429
1125466
1125640
1125737
1126204
1126272
1127470
1127499
1127796
1129165
1129414
1129915
1130181
1130287
1130599
1131600
1131687
1131735
1132108
1132826
1133206
1133217
1133564
1133593
1133743
1133911
1133999
1134783
1134819
1134992
1135187
1135517
1135858
1135941
1136454
1136943
1137223
1137612
1137766
1139520
1139919
1139940
1140307
1140516
1140562
1140587
1140656
1141453
1142164
1142372
1142618
1142767
1143889
1144577
1144845
1144874
1145017
1145170
1145639
1146290
1146825
1147264
1147281
1147318
1147486
1147785
1147907
1148016
1149203
1149416
1149588
1150379
1150441
1150473
1151063
1151144
1151713
1151809
1152340
1152595
1152641
1153670
1153699
1153955
1154119
1154194
1154515
1154692
1154762
1155178
1155427
1155504
1155823
1155849
1156088
1156817
1156835
1156882
1156947
1157500
1157559
1158191
1158212
1158414
1158717
1158897
1158981
1159521
1159870
1160213
1160435
1161095
1161455
1161486
1161613
1162245
1162572
1163036
1163232
1163294
1163424
1163791
1164275
1164298
1164542
1164570
1164666
1164708
1164723
1164817
1164844
1165478
1166111
1166249
1166547
1166965
1168984
1169186
1169284
1169543
1170080
1170610
1170841
1170963
1171350
1171572
1171644
1171788
1171892
1172131
1172613
1173528
1174077
1174693
1174889
1175507
1175573
1175929
1176046
1176750
1176878
1176921
1177298
1177313
1177853
1177930
1178551
1178566
1178778
1178934
1179249
1179437
1180138
1180768
1180950
1181158
1181654
1181989
1182554
1182746
1183195
1183520
1183617
1184072
1185160
1185289
1185819
1185934
1186434
1186960
1187326
1187686
1187854
1187936
1187942
1188622
1189391
1189771
1191039
1191096
1191275
1191419
1191882
1193208
1193409
1193526
1194703
1194719
1194912
1196005
1196669
1196772
1196951
1197260
1197342
1197399
1197790
1198149
1199395
1199762
1200746
1201192
1201205
1201677
1202172
1202358
1202782
1202915
1203069
1203131
1203408
1203449
1203719
1204292
1204385
1204913
1205301
1205812
1205839
1207611
1208012
1208200
1208419
1208570
1208618
1208697
1208786
1208969
1209681
1210324
1210479
1210551
1210908
1211719
1211728
1211805
1211912
1213058
1213153
1213554
1214403
1214821
1215023
1215086
1215191
1215288
1215829
1216127
1216158
1216170
1216422
1217151
1217567
1217676
1218244
1218326
1218330
1218905
1219388
1219656
1219722
1219953
1220821
1220890
1221478
1221631
1221735
1221782
1221851
1222167
1222373
1222628
1222632
1223623
1223759
1223963
1224139
1224141
1224670
1224752
1225069
1225471
1225973
1226283
1226586
1226799
1226857
1227234
1227641
1228168
1228355
1228893
1229690
1229855
1230132
1230279
1230509
1230667
1230839
1231591
1231682
1231739
1232703
1233631
1233744
1234032
1234061
1234571
1234770
1235099
1235144
1235539
1235560
1235596
1235881
1236155
1236263
1236433
1236587
1236619
1236656
1237391
1237680
1238154
1238173
1238529
1238730
1239377
1239904
1240302
1240506
1240544
1241454
1242522
1242623
1242692
1242963
1243466
1243661
1243722
1243944
1244062
1244712
1244867
1245012
1245313
1246191
1246288
1246503
1246744
1247005
1247240
1247554
1247738
1248105
1248448
1248583
1248957
1249387
1249627
1250110
1250694
1250776
1251747
1252346
1252511
1252817
1253040
1253151
1253742
1253924
1254189
1254212
1254254
1254273
1254288
1254370
1254631
1255394
1255946
1256206
1256623
1257276
1257842
1258031
1259443
1259757
1259837
1260335
1260510
1260555
1261099
1261512
1261601
1261713
1261848
1261951
1262090
1262223
1262286
1262319
1262481
1262493
1262625
1262957
1263636
1264018
1264194
1264244
1264489
1266148
1266926
1267013
1267339
1267953
1268260
1268414
1268851
1269276
1269408
1269553
1269582
1270055
1270311
1270358
1270447
1270452
1270897
1270922
1270964
1271991
1272459
1272652
1273411
1273470
1273725
1273886
1273994
1274149
1274192
1275107
1275160
1275289
1275387
1275611
1276131
1276397
1276553
1276689
1277029
1278368
1278496
1278622
1279109
1279181
1279287
1282022
1282435
1282444
1283481
1283514
1283831
1284302
1284544
1284740
1284884
1285019
1285763
1285987
1286626
1286652
1286918
1287191
1287336
1287922
1288013
1288123
1288474
1289018
1289593
1289667
1289724
1290514
1290972
1290989
1290991
1291692
1292283
1292567
1293403
1293755
1293835
1295944
1296257
1297043
1297101
1297546
1297886
1297892
1297956
1297994
1298159
1298264
1298836
1298884
1299104
1299120
1299358
1299452
1299519
1299687
1300586
1300799
1301850
1302450
1302607
1303160
1303658
1303992
1304045
1304051
1304326
1304446
1304564
1304825
1305043
1305218
1305427
1305849
1306304
1306821
1307360
1308138
1308866
1309083
1309143
1309187
1309198
1309366
1309613
1309785
1309811
1309858
1311289
1311832
1312511
1312868
1313269
1313306
1313454
1313865
1313987
1314049
1314104
1315068
1315774
1315816
1315989
1316018
1316080
1316156
1316221
1316489
1316576
1316667
1316692
1316825
1317333
1317467
1317613
1318043
1318101
1318251
1318274
1319596
1319881
1320675
1321946
1322168
1322203
1322228
1322367
1322652
1322864
1323635
1323712
1323788
1324167
1324531
1324598
1324883
1324906
1325605
1325877
1326083
1326467
1326568
1327330
1328201
1328283
1328335
1330251
1330484
1330499
1330712
1331096
1331164
1331275
1331338
1331485
1331584
1331645
1331723
1333017
1333044
1333068
1333105
1334410
1334604
1334805
1335230
1335637
1335727
1336678
1336893
1337138
1337296
1338013
1338089
1338388
1338677
1340188
1340343
1340479
1340910
1340955
1341116
1341187
1341276
1341345
1342126
1342682
1342810
1342855
1342867
1343367
1343652
1343765
1344007
1344389
1344563
1345146
1345616
1345624
1345717
1346920
1347441
1347508
1347676
1347736
1347813
1348066
1348097
1348268
1348314
1348383
1348446
1348522
1349192
1349354
1349445
1349640
1350462
1350525
1350881
1350945
1351065
1351433
1352478
1352616
1353329
1353761
1354526
1354831
1355051
1355097
1355253
1355279
1355326
1355548
1355581
1355686
1355700
1355807
1356297
1356315
1357699
1357856
1358012
1358200
1359028
1359166
1359197
1359230
1359390
1360078
1360095
1360568
1360691
1360728
1360939
1361813
1362206
1362395
1363046
1363709
1363906
1363982
1364621
1365088
1365298
1365320
1366120
1367789
1367997
1368702
1368729
1368766
1368843
1368957
1369343
1369611
1371161
1371667
1371958
1372247
1372664
1373073
1373428
1373563
1374815
1375895
1375953
1376246
1376636
1376701
1377218
1377266
1377977
1378047
1378116
1379768
1380122
1380461
1380651
1380914
1381067
1381874
1381922
1381993
1382038
1382299
1382418
1382640
1382685
1382722
1382748
1382830
1383018
1383097
1383509
1384048
1384112
1384173
1385544
1386664
1387021
1387267
1387385
1387514
1387774
1388864
1389690
1389788
1389823
1390515
1390581
1390873
1390999
1392078
1392116
1392302
1392351
1393067
1393165
1393191
1393239
1393241
1393802
1394003
1394441
1394510
1394534
1395462
1395630
1395704
1399170
1400494
1400835
1401157
1401687
1401790
1401922
1402598
1402603
1403033
1403132
1403608
1403686
1403825
1404479
1405345
1405471
1405884
1407267
1407766
1407843
1407920
1408011
1408058
1408099
1408182
1408277
1409504
1409810
1410021
1410105
1410729
1411132
1411140
1411489
1411686
1412129
1412496
1412804
1412846
1413096
1413755
1413821
1414070
1414190
1414261
1414349
1415192
1415619
1415677
1415990
1416220
1417087
1417147
1417707
1417871
1418159
1418345
1418553
1418907
1418912
1419138
1419370
1419643
1419851
1419937
1420106
1420789
1421134
1421192
1421587
1421694
1422023
1422212
1422717
1422950
1422964
1424111
1425080
1425217
1425489
1425743
1425841
1426274
1426565
1426707
1427009
1427015
1427406
1427551
1427908
1428025
1428088
1428137
1428786
1428882
1431077
1431151
1431382
1431943
1432029
1432132
1432413
1432724
1432896
1432911
1433134
1433227
1433445
1433764
1433847
1435039
1435542
1435901
1436239
1437294
1437355
1437647
1438127
1438745
1439009
1439986
1439992
1440018
1440140
1442486
1442579
1442954
1443327
1443370
1443452
1444028
1444283
1444959
1445168
1445997
1446694
1447771
1447947
1448139
1448343
1448444
1448574
1448877
1449006
1449319
1449437
1450071
1450092
1450401
1451223
1451267
1451843
1452144
1452573
1453436
1453520
1454155
1454258
1454284
1454307
1454312
1454709
1455658
1455795
1455949
1456215
1456455
1458549
1458758
1458891
1458959
1458975
1458998
1459231
1459419
1459767
1459835
1459890
1460707
1460739
1460932
1461723
1461879
1461969
1462081
1462112
1462125
1462160
1462173
1462502
1462642
1463163
1463199
1463394
1463654
1464159
1464276
1464302
1464553
1464761
1465094
1465252
1465804
1466042
1466261
1466462
1466507
1466573
1466626
1466695
1466757
1467254
1467401
1468089
1468750
1468921
1469103
1469185
1469420
1470429
1471398
1471421
1471597
1471986
1472012
1472558
1472680
1472710
1473382
1473567
1473727
1474191
1475090
1475415
1475464
1475696
1475965
1476002
1476045
1476066
1476235
1476378
1476550
1477410
1477449
1477884
1478000
1478808
1478928
1478985
1479036
1479678
1480615
1482044
1482481
1482718
1482862
1482904
1483154
1483173
1483580
1483605
1484268
1484347
1484457
1484873
1484927
1485350
1485442
1485504
1486148
1486304
1486651
1486674
1486879
1487587
1487656
1487814
1487935
1488503
1488631
1489506
1489582
1489907
1490022
1490421
1490533
1490949
1491069
1491329
1491410
1491960
1492098
1492376
1492436
1493232
1493720
1493791
1494599
1494680
1494697
1495104
1496163
1496595
1496641
1496887
1497145
1497278
1497622
1497664
1497727
1497846
1498446
1498841
1499236
1499325
1499685
1499737
1499814
1499895
1501856
1502389
1502584
1502879
1502930
1503252
1503838
1504327
1504616
1505319
1505751
1505965
1506472
1506839
1507912
1508484
1509232
1509256
1509596
1509669
1509704
1509713
1510026
1510756
1510939
1510988
1511151
1511496
1511586
1512097
1512330
1512509
1512564
1512655
1512839
1513134
1513263
1513516
1513575
1513801
1514903
1514919
1515708
1515786
1516071
1516311
1516561
1516600
1517135
1517475
1518319
1518377
1518625
1518660
1519093
1519670
1519967
1520707
1521164
1521666
1521868
1522081
1522139
1522566
1522894
1523210
1523286
1523437
1523595
1523654
1523745
1523780
1523797
1523875
1524672
1524794
1525344
1525390
1525439
1525488
1526334
1526864
1526933
1527067
1527399
1527845
1528155
1528299
1528388
1528474
1528640
1528722
1528847
1529279
1529282
1529888
1530017
1530578
1530774
1530862
1531911
1531942
1531958
1532028
1532061
1532586
1533039
1533096
1533231
1533645
1533926
1534011
1534036
1534285
1535236
1535524
1535656
1535748
1536188
1536257
1536856
1536923
1537245
1537251
1537572
1537823
1537849
1538078
1538159
1538579
1538604
1538777
1539157
1539288
1539414
1539845
1539937
1540077
1541121
1541179
1541416
1542654
1543417
1543435
1543468
1543819
1544161
1544347
1544383
1544472
1544634
1544812
1544999
1545126
1545229
1545653
1545668
1546150
1546164
1546771
1547038
1547046
1547065
1547341
1547388
1547694
1548452
1550545
1550636
1550778
1551248
1551740
1551761
1552538
1552940
1552994
1553168
1553308
1553626
1554054
1554287
1554419
1554511
1554952
1555067
1555845
1555993
1556797
1556831
1556862
1557085
1557201
1557622
1557681
1557736
1558177
1558326
1558352
1558623
1559004
1559167
1559307
1559312
1559793
1559878
1559935
1560070
1561418
1561750
1562363
1562483
1563374
1563794
1563925
1564437
1565244
1565383
1565522
1566442
1568231
1568262
1568338
1568389
1568697
1568755
1569368
1569454
1569650
1569872
1570181
1570357
1570879
1570969
1571556
1571577
1571851
1572263
1572429
1572587
1572709
1572830
1573279
1573787
1573999
1574125
1574188
1574518
1574566
1574769
1574986
1575410
1575703
1577267
1578416
1578746
1579087
1579101
1579309
1580033
1580301
1582159
1582756
1582912
1583384
1583519
1583845
1584166
1584390
1584407
1584681
1584799
1585203
1585443
1585560
1585601
1585669
1585980
1586603
1587542
1587558
1587674
1588188
1588220
1588421
1588908
1588986
1589170
1589422
1589972
1590698
1590866
1590897
1591044
1591356
1591361
1591481
1591514
1591875
1592144
1592443
1592765
1593484
1593635
1593886
1593977
1594020
1594057
1594830
1595574
1596604
1596761
1596941
1596973
1597140
1597282
1597347
1597383
1597550
1597634
1597692
1597936
1598872
1599304
1599456
1600985
1601054
1601109
1601338
1601346
1601697
1603044
1603158
1603210
1603718
1603824
1603904
1604001
1604276
1604434
1604455
1605344
1605857
1606498
1606554
1606918
1607311
1607768
1607802
1608108
1608211
1608715
1608793
1608852
1608869
1609045
1609074
1609103
1609550
1610120
1611006
1611136
1611184
1611394
1611898
1611938
1612005
1612058
1612525
1613195
1613871
1614284
1614677
1614826
1614990
1615551
1615819
1617097
1617314
1617420
1617671
1617759
1617860
1618028
1619243
1619806
1620065
1620373
1620619
1620847
1620906
1621064
1621213
1621479
1621518
1621529
1621642
1622109
1622419
1622440
1623032
1623056
1623705
1623763
1624577
1624937
1625136
1625158
1625163
1626156
1626438
1626649
1626759
1627408
1627672
1628126
1628538
1628754
1628810
1628903
1629117
1629487
1629695
1629704
1629997
1630166
1630174
1630278
1630473
1630664
1630857
1631355
1631554
1631757
1632105
1633015
1633173
1633196
1633238
1633529
1634378
1635169
1636054
1636432
1636494
1636505
1636882
1637013
1637339
1637418
1638172
1638561
1639014
1639100
1639248
1639302
1639366
1639568
1639665
1639740
1639863
1640163
1640946
1641002
1641140
1641326
1641347
1642382
1642736
1642916
1642931
1643461
1644005
1644424
1645167
1645312
1646050
1647245
1647985
1648732
1648785
1649092
1649469
1649768
1649802
1649937
1650148
1650200
1650262
1650697
1650723
1650755
1650868
1651721
1651981
1653700
1653911
1654064
1654081
1654502
1654627
1655052
1655449
1656129
1656335
1656353
1657223
1657595
1657843
1658713
1659364
1660185
1660623
1660655
1660958
1660970
1660984
1661572
1661940
1662719
1662912
1662941
1663120
1663363
1663426
1663616
1663948
1663950
1664353
1664555
1664705
1664711
1665168
1665228
1665945
1666373
1666979
1667680
1667926
1668291
1668468
1669082
1669547
1670417
1670597
1670605
1670747
1670828
1671345
1672016
1672463
1672499
1672773
1673121
1673462
1674060
1675305
1676199
1676660
1676766
1676774
1678185
1678235
1678268
1678314
1678608
1678825
1679722
1680720
1681065
1681474
1681531
1681562
1681598
1682049
1682327
1682363
1683047
1683052
1683159
1683568
1683689
1684090
1684552
1684938
1685074
1685383
1686538
1687125
1687265
1687316
1687574
1689102
1689586
1689763
1690467
1691094
1692290
1692564
1692854
1692927
1692958
1693373
1693433
1693524
1693603
1693895
1694653
1695389
1695391
1695599
1695835
1695901
1696023
1696092
1696659
1696866
1697630
1698017
1698464
1698688
1698920
1699050
1699125
1699670
1700267
1700989
1701537
1702061
1702523
1703025
1703357
1703494
1703749
1704121
1704791
1704864
1704980
1705656
1706220
1706795
1707348
1707788
1708026
1708198
1708329
1708410
1708620
1708842
1709721
1709874
1710484
1710653
1711200
1711365
1711428
1711505
1711914
1713733
1714281
1714719
1714870
1714954
1715321
1715454
1715891
1716228
1716893
1716902
1717288
1717833
1718013
1718065
1718299
1718373
1718480
1719156
1719446
1719608
1719724
1719775
1719807
1720719
1721473
1721813
1722244
1722279
1722537
1723500
1724087
1724266
1724538
1724741
1725259
1725372
1725853
1726067
1726288
1726768
1727027
1727203
1727277
1727386
1727554
1727630
1727864
1728208
1728271
1728745
1729112
1729482
1729597
1729747
1729934
1730065
1730737
1731714
1732060
1732853
1733094
1733592
1733872
1734165
1734260
1734311
1734768
1734950
1735082
1735733
1735797
1735898
1736029
1736074
1736103
1736244
1736457
1736581
1736724
1736860
1736927
1737492
1737535
1737785
1738364
1739966
1740012
1740181
1740224
1740419
1740680
1741212
1741540
1741802
1742134
1742433
1743051
1743128
1743206
1743550
1743667
1743671
1743716
1743775
1744300
1744597
1744642
1744778
1744783
1744832
1744923
1745209
1745237
1745281
1745858
1746118
1746166
1746390
1746510
1746664
1746742
1746784
1747223
1748144
1749233
1749405
1749985
1750593
1751557
1751919
1752222
1752471
1752620
1752805
1753311
1753662
1754061
1754615
1754931
1755475
1755560
1755614
1755850
1756065
1756242
1756373
1756466
1756694
1756878
1757231
1758064
1758417
1758533
1758840
1759184
1759377
1759501
1759729
1760138
1760305
1760358
1760447
1760950
1761639
1762371
1762746
1762765
1763644
1763739
1763810
1763823
1763903
1764046
1764559
1764661
1765490
1765778
1765840
1766014
1766351
1766689
1767066
1767395
1767413
1767550
1768283
1768705
1769952
1770102
1770379
1770496
1771135
1771219
1771310
1771695
1771929
1772255
1772377
1772422
1772957
1773037
1773658
1773856
1773923
1774206
1774465
1774550
1775337
1775572
1775682
1776231
1776275
1776570
1776645
1776767
1776806
1777480
1777677
1777906
1778092
1778113
1778241
1778426
1778540
1778744
1778851
1778948
1779131
1779486
1779535
1779672
1781517
1781973
1781996
1782229
1782513
1782834
1783443
1783738
1784181
1784749
1785034
1785585
1786292
1786660
1787102
1787283
1787857
1788235
1788692
1788942
1789598
1790117
1790294
1790864
1791474
1791979
1792447
1792624
1792698
1793410
1793568
1793665
1793954
1793988
1794654
1795369
1795515
1795623
1795743
1796087
1796376
1796442
1796463
1796572
1796961
1797529
1797861
1798224
1799085
1799180
1799711
1800015
1800580
1800828
1800877
1801380
1801423
1801858
1803084
1803308
1803626
1803720
1803918
1804012
1804287
1804298
1804680
1804755
1805305
1806340
1806437
1806526
1806595
1807180
1807335
1807705
1807872
1808743
1808787
1808825
1809004
1809325
1809559
1809562
1809883
1810056
1810180
1810353
1810488
1810784
1810900
1811614
1812017
1812142
1812249
1812464
1812824
1813107
1813566
1813663
1814018
1814548
1814655
1814743
1814905
1815126
1815617
1815754
1816041
1816109
1816645
1816697
1816749
1816817
1818191
1818540
1819248
1819423
1819521
1820194
1820268
1820692
1820700
1820731
1820841
1820896
1821463
1821707
1821932
1821940
1822162
1822366
1822582
1823023
1823519
1823675
1823845
1824118
1824727
1825554
1825588
1825626
1825789
1826091
1826299
1826661
1826869
1827313
1828627
1828769
1829199
1829654
1830092
1830207
1830260
1830753
1831385
1831394
1831797
1832256
1832459
1832573
1832601
1832966
1833297
1833348
1834134
1834186
1834632
1834722
1834869
1835204
1835246
1835769
1836014
1836954
1837268
1837489
1837634
1837873
1838003
1838166
1838247
1838510
1838555
1838567
1839109
1839440
1839485
1839666
1839680
1839734
1840070
1840323
1840539
1841038
1841516
1841640
1841694
1842744
1843691
1843777
1844053
1844904
1845128
1845686
1846427
1847076
1848456
1848666
1848697
1848710
1848734
1849727
1849736
1849959
1850116
1850175
1850215
1850449
1850689
1850941
1851382
1851510
1851693
1852290
1852413
1852812
1852854
1853149
1853737
1853750
1854322
1854796
1854834
1854871
1855372
1856336
1856561
1857144
1857168
1858079
1858612
1858639
1858688
1859050
1859398
1859828
1859861
1860373
1860737
1862060
1862428
1862494
1862821
1862868
1863118
1863693
1863872
1864687
1865612
1865729
1866326
1867467
1867582
1867691
1868218
1868557
1869203
1869294
1869310
1869443
1869678
1870075
1870098
1870739
1870994
1871054
1871456
1871505
1871563
1871792
1872141
1872658
1872795
1872803
1874410
1874732
1874842
1874870
1875040
1875061
1875615
1875727
1875846
1876349
1876386
1876652
1876683
1876720
1877157
1877768
1877909
1878004
1879268
1879759
1880332
1880437
1880745
1880824
1880920
1881649
1881807
1881839
1882028
1882586
1883164
1883570
1883926
1885089
1885236
1885339
1885396
1886642
1886658
1886894
1887024
1887147
1887635
1888047
1889113
1889172
1889675
1889744
1890060
1890584
1890710
1891191
1891662
1891675
1891976
1892852
1893161
1894037
1894081
1894444
1894482
1894726
1895215
1896353
1896460
1896510
1897332
1897898
1898310
1899617
1899773
1899855
1900029
1900378
1900413
1901617
1902209
1902293
1902434
1902521
1902568
1902954
1903260
1903358
1903600
1903880
1904102
1904637
1905349
1907007
1907680
1907890
1909422
1910313
1910428
1910536
1910882
1911034
1911430
1912004
1912046
1912089
1912312
1912451
1912543
1912776
1912781
1913509
1913724
1914213
1914597
1914605
1914611
1915794
1916407
1916586
1916838
1917493
1917612
1917625
1918228
1919043
1919114
1919322
1919504
1919985
1920421
1920435
1921264
1921333
1921535
1921870
1922178
1922218
1922364
1922411
1922940
1923294
1923459
1923498
1923539
1924164
1924432
1924440
1924723
1924749
1925556
1926450
1926569
1927028
1927102
1927133
1927353
1927924
1928352
1928438
1928807
1929227
1929341
1929619
1929826
1929979
1930933
1931134
1931258
1931299
1931559
1931587
1931793
1931895
1931990
1932414
1932452
1934234
1934552
1934654
1934862
1935177
1935927
1935984
1936126
1936322
1936668
1936707
1937112
1938357
1938542
1938844
1938947
1939145
1939252
1939650
1939727
1940010
1940049
1940469
1940478
1940735
1940845
1941105
1941696
1941862
1942512
1942630
1942980
1943130
1943796
1945398
1945518
1945605
1945949
1946329
1946517
1946732
1946907
1946988
1947074
1947491
1948508
1948510
1948567
1948770
1949403
1949477
1949983
1950059
1950297
1950350
1950393
1950886
1951041
1951073
1951440
1951844
1951882
1952545
1952885
1952967
1953688
1953745
1953972
1954047
1954521
1955056
1955278
1955637
1955889
1956058
1956400
1956498
1956601
1956772
1956876
1957519
1957616
1958587
1958895
1959244
1959352
1959383
1959564
1959576
1959798
1959825
1959958
1960184
1960612
1960887
1961074
1961724
1961970
1962335
1962344
1962650
1962742
1963060
1963181
1963511
1963536
1963947
1964240
1966949
1967682
1968026
1968237
1968345
1969241
1969254
1969296
1969662
1970026
1970486
1970553
1970638
1970960
1971252
1971460
1971727
1972074
1972352
1972581
1972787
1973091
1973242
1973474
1974016
1974725
1975477
1975527
1975618
1976273
1976753
1976950
1977334
1977573
1977626
1978476
1978702
1978831
1978989
1979545
1979627
1979778
1979934
1980263
1980312
1980801
1980982
1981037
1981238
1982357
1982365
1982477
1982755
1983283
1983344
1983758
1983813
1983975
1984067
1984363
1984659
1985163
1985223
1985450
1985493
1985688
1985965
1986217
1986383
1987553
1988147
1988315
1988376
1988690
1988823
1990180
1990820
1990962
1991190
1991310
1991893
1992292
1992654
1992774
1993015
1993730
1994097
1994550
1994963
1995062
1995393
1996542
1996978
1997360
1997632
1997661
1997694
1997764
1998452
1998915
1998976
1998981
1999187
1999492
1999858
2000012
2000570
2000710
2001157
2001495
2001624
2001717
2002013
2002155
2003282
2003700
2003896
2004009
2004387
2004611
2005124
2005162
2005471
2005506
2005954
2006306
2006439
2006454
2006916
2008005
2008121
2008738
2008815
2008822
2009114
2009229
2009849
2009961
2010223
2010639
2011438
2011550
2011762
2011942
2012019
2013109
2013150
2013304
2013542
2013599
2013633
2013821
2013969
2014106
2014507
2015373
2015466
2015531
2016015
2016246
2017557
2017994
2018423
2018732
2019049
2019305
2019874
2020647
2020791
2020822
2020837
2021737
2021748
2021979
2022483
2022845
2023078
2023209
2023434
2024612
2024641
2024660
2025927
2026024
2026376
2026644
2026808
2027064
2027856
2027923
2028231
2028419
2028680
2028755
2028817
2028821
2029900
2030492
2030719
2030756
2030939
2031061
2031407
2031460
2032029
2032177
2032438
2032576
2033598
2033603
2033709
2033737
2033953
2034393
2034741
2035150
2035432
2035542
2035723
2035901
2035978
2036296
2036866
2037106
2037462
2037614
2037966
2039064
2039529
2039636
2039795
2039828
2040383
2040420
2040457
2041016
2041114
2041251
2041322
2041855
2042030
2042329
2043067
2043721
2043829
2044252
2044959
2045179
2045190
2045980
2046089
2046354
2046451
2046694
2046847
2046883
2046982
2047243
2047428
2047542
2047645
2047734
2048188
2048324
2049082
2049210
2049223
2049356
2049816
2050288
2050358
2050948
2051068
2051595
2051688
2052560
2053436
2053932
2054284
2054575
2054640
2054979
2055300
2055730
2056590
2056620
2057217
2057395
2057634
2057762
2057970
2058077
2058567
2058650
2058857
2059088
2059231
2060381
2060985
2061389
2062406
2062803
2062967
2063163
2063448
2063476
2065872
2066424
2066704
2066809
2067643
2068057
2068186
2068354
2068531
2069235
2069330
2069509
2069515
2070186
2070685
2070979
2071141
2071238
2071453
2072216
2072304
2073252
2073317
2073865
2074104
2074225
2074254
2074414
2075006
2075136
2075332
2075415
2075639
2076347
2077001
2077535
2077544
2077638
2077805
2078195
2078218
2078245
2078297
2078484
2078760
2079182
2079789
2080032
2080592
2080820
2081135
2081308
2081498
2081929
2082733
2083856
2083908
2084610
2084807
2084841
2084905
2087325
2088706
2089078
2089162
2089276
2089397
2089604
2089836
2090125
2090479
2090670
2090701
2090783
2090908
2091014
2091613
2091863
2091939
2092059
2092405
2092484
2093400
2093525
2093809
2094338
2094651
2094890
2095120
2096234
2096361
2096415
2096660
2096696
2096824
2097129
2097226
2097648
2097681
2097975
2099046
2099418
2099619
2099830
2100197
2100637
2101765
2101997
2102082
2102142
2102530
2102547
2103605
2103699
2103828
2103894
2104132
2104185
2104206
2104326
2104667
2105016
2105098
2105218
2105572
2106096
2106122
2106755
2107065
2107603
2107895
2107982
2108452
2109124
2109318
2109691
2109761
2109794
2110046
2110944
2111828
2112039
2112073
2112150
2112817
2113040
2113705
2114071
2114138
2114631
2114643
2115158
2115210
2115641
2116132
2116290
2116326
2116548
2117237
2117318
2117907
2117941
2117973
2118233
2118520
2118572
2118621
2119498
2119525
2119626
2119837
2120616
2120818
2121422
2121875
2122121
2122168
2122498
2122647
2122789
2123024
2123376
2123739
2123867
2124057
2124065
2124072
2124123
2124211
2124801
2124895
2125050
2125343
2125663
2125769
2127522
2127787
2128295
2128804
2128813
2128916
2128998
2129570
2129633
2129771
2130016
2130427
2130504
2130538
2130606
2130985
2132125
2132435
2132597
2132747
2133082
2133340
2133660
2133816
2133957
2135230
2135283
2135637
2136371
2136424
2136462
2138065
2138516
2139522
2139655
2140196
2140359
2141162
2141293
2141604
2141620
2141761
2141842
2142101
2142635
2142644
2143168
2143256
2143392
2143626
2144181
2144969
2145273
2145600
2146082
2146526
2147032
2147586
2147681
2147784
2147865
2148314
2148581
2148686
2148807
2148841
2149057
2149091
2149108
2149341
2149543
2150011
2150168
2150864
2151065
2151192
2151339
2151429
2151500
2151640
2151694
2152034
2152086
2152157
2153047
2153187
2154142
2154464
2154514
2154639
2154745
2154989
2155194
2155438
2155743
2155958
2156087
2156114
2156337
2156653
2156788
2157141
2157213
2157468
2158806
2159102
2159488
2159571
2160001
2161102
2161118
2161872
2162759
2163091
2163205
2163307
2163341
2163474
2163640
2163694
2164322
2164376
2164754
2165122
2165428
2165563
2165844
2166829
2166922
2169112
2169490
2169636
2169747
2169795
2170017
2170476
2170938
2171033
2171649
2171716
2171854
2172496
2172916
2172975
2173012
2173115
2173365
2173710
2173771
2173914
2174042
2174084
2174400
2174630
2176324
2176663
2176778
2177381
2178215
2178665
2178672
2179071
2179342
2179659
2180428
2180618
2181113
2181146
2181706
2181948
2182258
2182418
2182917
2182968
2183244
2183383
2183509
2183593
2183623
2184081
2184265
2184316
2184518
2184658
2185047
2185175
2185237
2185293
2185449
2185467
2185777
2186032
2187105
2187824
2187957
2188349
2188443
2188459
2188713
2189043
2189376
2189393
2189919
2190128
2190438
2190509
2190634
2190787
2191635
2191871
2191919
2192047
2192397
2192506
2192620
2192689
2193239
2193851
2194269
2194344
2194711
2195153
2195285
2195367
2196830
2198220
2198387
2198435
2198795
2198949
2199079
2199208
2199493
2200167
2200543
2200917
2200935
2201398
2201444
2201819
2201856
2202372
2202563
2203407
2203425
2203784
2203857
2203891
2203998
2204327
2204790
2204874
2205286
2205751
2205904
2205913
2206253
2206378
2207047
2207250
2207535
2207604
2207756
2208513
2208565
2208725
2208932
2209704
2210187
2210264
2210638
2210756
2210761
2210842
2211085
2211180
2211368
2211496
2211804
2211865
2211962
2212066
2212161
2212888
2213186
2213263
2213307
2213341
2213354
2213516
2213990
2214059
2214315
2214364
2214725
2214810
2215115
2215176
2215389
2215930
2216023
2216104
2216503
2216540
2216717
2217240
2217256
2217285
2217541
2217678
2217704
2217720
2217951
2218303
2218340
2218422
2218654
2218800
2218898
2218920
2219545
2219828
2219934
2220245
2220499
2220754
2221477
2221674
2221767
2222141
2222670
2223105
2223267
2223831
2224423
2225283
2225344
2225496
2226323
2226809
2227034
2227086
2227172
2229029
2229716
2229775
2229984
2230090
2230292
2230578
2230612
2230625
2230904
2231446
2231731
2231970
2232056
2232407
2232412
2232439
2232586
2232592
2233419
2234063
2234144
2234219
2234902
2235072
2235388
2235587
2235619
2236213
2236343
2236482
2236574
2236663
2236670
2236795
2236819
2236934
2237178
2237442
2238001
2238014
2238380
2238492
2238785
2238863
2238870
2239071
2239426
2240028
2240174
2240269
2240763
2241261
2241539
2242053
2242409
2242501
2242733
2242938
2243076
2243196
2243533
2243605
2243861
2243910
2244018
2244326
2245484
2245788
2246137
2246511
2246806
2247776
2248241
2248447
2248616
2248818
2249703
2250141
2250220
2250955
2251351
2251366
2252725
2253228
2253277
2253400
2253713
2253893
2253997
2254365
2254432
2254563
2255358
2255866
2256136
2257085
2257278
2257736
2257838
2258576
2258759
2259236
2259587
2259709
2259869
2259953
2260228
2260308
2260507
2261186
2261396
2261661
2261793
2262067
2262146
2262624
2262721
2263264
2263672
2263941
2264068
2264105
2264208
2264660
2265775
2266114
2266183
2266442
2266739
2267112
2267482
2267533
2267752
2267971
2268313
2268755
2268879
2269085
2269283
2269648
2269693
2269838
2270477
2270599
2270995
2271189
2271790
2271915
2272814
2272852
2273550
2273576
2273608
2273610
2273839
2273896
2273958
2274518
2274605
2274627
2274861
2274949
2275960
2276230
2276321
2276959
2277111
2277303
2277514
2277526
2277774
2277780
2277946
2278099
2278541
2278678
2278902
2279152
2279364
2279499
2280103
2280522
2280716
2281712
2282672
2282863
2284693
2284758
2284975
2285554
2285596
2285757
2286284
2286632
2286982
2287073
2287570
2287666
2287708
2288257
2288803
2289946
2290113
2290897
2291053
2291578
2291946
2292334
2292371
2292881
2293513
2293707
2293903
2293932
2295220
2295908
2296095
2296222
2296281
2296703
2296973
2297268
2297839
2297963
2298488
2298567
2299505
2299749
2301186
2301339
2301793
2302010
2302993
2303030
2303380
2303761
2304163
2304394
2304641
2304696
2304831
2305438
2305896
2306538
2306977
2307894
2308200
2308542
2308599
2308723
2309118
2310923
2311613
2311884
2312245
2312266
2312484
2312994
2314012
2314494
2314570
2314786
2314995
2315260
2315296
2315399
2315561
2315866
2316068
2316082
2316800
2316965
2317586
2318066
2318369
2318383
2318671
2319186
2319598
2319801
2320216
2320346
2320494
2320505
2321845
2322186
2322402
2322516
2322598
2322640
2323029
2323550
2323655
2323854
2323873
2325078
2325302
2325486
2325805
2325988
2326174
2326439
2326592
2326931
2327292
2327639
2327660
2328386
2328541
2328614
2328893
2328918
2329280
2329315
2329808
2330221
2330378
2330465
2330581
2331280
2331463
2332521
2332579
2332805
2332973
2333768
2334473
2334534
2334813
2334891
2335310
2335560
2335791
2335876
2336108
2336603
2336661
2337039
2337456
2337599
2337930
2338139
2339286
2339718
2339989
2340083
2340116
2340187
2340293
2340333
2340672
2340689
2340794
2340836
2341129
2341390
2341473
2341846
2342018
2342522
2342610
2343072
2343418
2344297
2344538
2344606
2344653
2344977
2345391
2345618
2346067
2346241
2346273
2347058
2347459
2348199
2348223
2348292
2348448
2348493
2348612
2348859
2349125
2349387
2349529
2350072
2350242
2350307
2350354
2350587
2350715
2350801
2351154
2351265
2351343
2351566
2351832
2351910
2352558
2352674
2352890
2352969
2353247
2353650
2354055
2354157
2354273
2354631
2354993
2355493
2355625
2355991
2356610
2356759
2356839
2357159
2358393
2359459
2359902
2359951
2359997
2360094
2360676
2361966
2362158
2362514
2363125
2363238
2363359
2363375
2363627
2363730
2364161
2364807
2364963
2365808
2365932
2366096
2366137
2366176
2366723
2366926
2367242
2367418
2367474
2367750
2368034
2368071
2368086
2368556
2369001
2369131
2369351
2369423
2369471
2369535
2370342
2370616
2371111
2371267
2371831
2371913
2371938
2372027
2372190
2372539
2372997
2373376
2373513
2374388
2374445
2375265
2376069
2376657
2376785
2377438
2379012
2379137
2379432
2380233
2380280
2381012
2381680
2381926
2382699
2382730
2382840
2382908
2383170
2383332
2383464
2383501
2383625
2383843
2384014
2384069
2384535
2385102
2385390
2385693
2386135
2386219
2386929
2387239
2387556
2387561
2387594
2387659
2388388
2388451
2388852
2389177
2389369
2390234
2390448
2390696
2390702
2390733
2390766
2391221
2391465
2392425
2392637
2392693
2392857
2392900
2393755
2393767
2394135
2394525
2394881
2394918
2395110
2396076
2396289
2396971
2397101
2397903
2398836
2399092
2399430
2399540
2400059
2400101
2400977
2401007
2401734
2402022
2402387
2402894
2403111
2403409
2403415
2403481
2403673
2404604
2404657
2404665
2404703
2404756
2407631
2407753
2408826
2409472
2409762
2409798
2410055
2410414
2410993
2411448
2411702
2411718
2412058
2412308
2412850
2413233
2413337
2413739
2413903
2414429
2414524
2414543
2414575
2414979
2415343
2415362
2415435
2415482
2415769
2415828
2415955
2416001
2416052
2416209
2416582
2416646
2416740
2418028
2418040
2419651
2419978
2420065
2421048
2421112
2421894
2422060
2422176
2422651
2423321
2423335
2423412
2423592
2423770
2424120
2424172
2425394
2425437
2425729
2425957
2426185
2426383
2426686
2426700
2427954
2428315
2428679
2428886
2429334
2429459
2429462
2429588
2429918
2430353
2430676
2431881
2432090
2432696
2432946
2433139
2433324
2433597
2433658
2434080
2434235
2434548
2434576
2434593
2434623
2435274
2436148
2436584
2436645
2436723
2437020
2437709
2438336
2438426
2438528
2438631
2439410
2439579
2439703
2439761
2439939
2440044
2441942
2442118
2442151
2442201
2443060
2444179
2444443
2444498
2444918
2445046
2445575
2445750
2446048
2446490
2446551
2446828
2447322
2447463
2447484
2447557
2447886
2448069
2449212
2449336
2449370
2449866
2450287
2450505
2450710
2450868
2451049
2451212
2451363
2451370
2451782
2452046
2452110
2452325
2453132
2453896
2454359
2454574
2454611
2454747
2454934
2455579
2456344
2456727
2457210
2457223
2457255
2457530
2457920
2458099
2459114
2459712
2460509
2460787
2460927
2461183
2461871
2462374
2462397
2462535
2462756
2463241
2463288
2463556
2463594
2463818
2464368
2464943
2465070
2465190
2465443
2465596
2467806
2467853
2467890
2468658
2469356
2469625
2469745
2470048
2470093
2470663
2470840
2471215
2471870
2471954
2473005
2473070
2473498
2473512
2473864
2474088
2474231
2474440
2475067
2475782
2476035
2476158
2477085
2477180
2477317
2477321
2477681
2477916
2478132
2478413
2478671
2478775
2479722
2479781
2479852
2480042
2480168
2482662
2482687
2483293
2483380
2483397
2485097
2485128
2485383
2485700
2485787
2485854
2486266
2487076
2487566
2487828
2487992
2488193
2489460
2489664
2489742
2490281
2490471
2490863
2490973
2491407
2491460
2491770
2491891
2492033
2492206
2492775
2493543
2495697
2495835
2496049
2496260
2496478
2496532
2496561
2496577
2496782
2497416
2497507
2497876
2498111
2498696
2498898
2499141
2499324
2499923
2500139
2500220
2500257
2500324
2500605
2501083
2501410
2501449
2501794
2501805
2502130
2502218
2502520
2502741
2503070
2503285
2503837
2504041
2504723
2504844
2505327
2505414
2505556
2505659
2505753
2505976
2506991
2507094
2507247
2507813
2507846
2507943
2508161
2508347
2508905
2508927
2508999
2509065
2509167
2509429
2509543
2510145
2510278
2510998
2511367
2512718
2512965
2513173
2513417
2513545
2513828
2513885
2513971
2514074
2514128
2514177
2514413
2514970
2515031
2515436
2516320
2516527
2516629
2516680
2516952
2517628
2517869
2518138
2518426
2518616
2519374
2519492
2519794
2519805
2520244
2520942
2520999
2521202
2523260
2523399
2523717
2523981
2524129
2524283
2524508
2524959
2525240
2525308
2525334
2525630
2525746
2526091
2526325
2526603
2526628
2526776
2526826
2527109
2527914
2529255
2529464
2529625
2529800
2530659
2531199
2531625
2532416
2532945
2533621
2533741
2533919
2534038
2534325
2534603
2534895
2535107
2535125
2535605
2536410
2537033
2539054
2539150
2539346
2539477
2539901
2540121
2540179
2540539
2541373
2541388
2541793
2542495
2542802
2543209
2543785
2544385
2544481
2545051
2545700
2545958
2546337
2546436
2546442
2546871
2547627
2547699
2550083
2550517
2550568
2550761
2550811
2550925
2550941
2552119
2552383
2552395
2552465
2552522
2552942
2553171
2553628
2553722
2553750
2554101
2554245
2554606
2554932
2555088
2555599
2555930
2556023
2556662
2557144
2557153
2557168
2557261
2557294
2557630
2557678
2557791
2558292
2558303
2558965
2559076
2559081
2559778
2559923
2559934
2560632
2560847
2561406
2561533
2563592
2564023
2565816
2566194
2566509
2567047
2567083
2567100
2567805
2568098
2568606
2568808
2568810
2568834
2569400
2569560
2569614
2570031
2570183
2570266
2570381
2570707
2570796
2571259
2571419
2571674
2572417
2573053
2574408
2574423
2575382
2575510
2575889
2576203
2576416
2576512
2576837
2577363
2577540
2577802
2577845
2578108
2578242
2578598
2578814
2579080
2579465
2579860
2579896
2580163
2580766
2581140
2581457
2581759
2581854
2581936
2582335
2582889
2583041
2583262
2583313
2583505
2583969
2584371
2585826
2586730
2587114
2587218
2587350
2587591
2588026
2588095
2588131
2588827
2589086
2589399
2589753
2590806
2590835
2590914
2591239
2591288
2591327
2591735
2591851
2591915
2592065
2592167
2592497
2592852
2594272
2594574
2594636
2595047
2595175
2596118
2596648
2597053
2597079
2597493
2597816
2598462
2598475
2598652
2598837
2599520
2599606
2599849
2600326
2600438
2600634
2600970
2601381
2601739
2602159
2602471
2602756
2603092
2603426
2603469
2603532
2604180
2604269
2604693
2604742
2605308
2605334
2605443
2605614
2605791
2605945
2606020
2606619
2607115
2607391
2607570
2607914
2607926
2607995
2608910
2609526
2609688
2609718
2609733
2609843
2610007
2610039
2610109
2610734
2611735
2611790
2611880
2611950
2612258
2612299
2612826
2613352
2614246
2614986
2615175
2615209
2615486
2615672
2616118
2616549
2616586
2617006
2617082
2617361
2617476
2617583
2617946
2618106
2618475
2619376
2619484
2619808
2619886
2620015
2620362
2620421
2620453
2620468
2620479
2620769
2620885
2621026
2621162
2621250
2621318
2621613
2622152
2622322
2622463
2622484
2622635
2622823
2623070
2623683
2624148
2624243
2624494
2625469
2625532
2625779
2625802
2625829
2626481
2626673
2626774
2626938
2627441
2628522
2628839
2629632
2629685
2630512
2630626
2630746
2630822
2631186
2631388
2631451
2631979
2633517
2633858
2634068
2634234
2634356
2634843
2635515
2636126
2636741
2637196
2637289
2637949
2637955
2638088
2638164
2638365
2638666
2639390
2639609
2639975
2640146
2640305
2640662
2641079
2641208
2641766
2641862
2642256
2642261
2642459
2642487
2643062
2644072
2644211
2644640
2644750
2644979
2645316
2645331
2645343
2645580
2645701
2645861
2646215
2646248
2646333
2646471
2646863
2646912
2647235
2647550
2647564
2648040
2648523
2648555
2648763
2649148
2649505
2649708
2650016
2650152
2650178
2650218
2651150
2651200
2651645
2652300
2652658
2653053
2653437
2653688
2653696
2653800
2654175
2654604
2654728
2654811
2655891
2655916
2656323
2656424
2656630
2656647
2656713
2657165
2657288
2657370
2657585
2657880
2658004
2658341
2658433
2659420
2659655
2659841
2660068
2661395
2661825
2662197
2663193
2663602
2663844
2664525
2664980
2665089
2665781
2666551
2666670
2666910
2667463
2667796
2668237
2668521
2668689
2670380
2670756
2670785
2670870
2671129
2671230
2671711
2671998
2672244
2672798
2672963
2673089
2673307
2673685
2673944
2674098
2674101
2674152
2674635
2674739
2675666
2675674
2675844
2676866
2677005
2678044
2678053
2678660
2678824
2678843
2679482
2679819
2680057
2680339
2680559
2680764
2680814
2680847
2681015
2682372
2682461
2682844
2683102
2683335
2683510
2684212
2684909
2684950
2685111
2685422
2685625
2687222
2687318
2687374
2687380
2688309
2688644
2689876
2690407
2691554
2691980
2692127
2693048
2693877
2693885
2694244
2694457
2695871
2696853
2696868
2697013
2697575
2697878
2698055
2698191
2698478
2698782
2698937
2699069
2699638
2699939
2700146
2700157
2700384
2700735
2701957
2702228
2702876
2703458
2703504
2703591
2703653
2703994
2704619
2704709
2705359
2705699
2705861
2706408
2706568
2706973
2707395
2708133
2708510
2708865
2709054
2709073
2709148
2709338
2710103
2710253
2710457
2710491
2710522
2710581
2710798
2711690
2711773
2712069
2712159
2712553
2712732
2712740
2712794
2713503
2714344
2714407
2714693
2715036
2715308
2715541
2715560
2716110
2717697
2717868
2718093
2718359
2718479
2719053
2719249
2719875
2719989
2720032
2721011
2721323
2721601
2721757
2721864
2722255
2722464
2722654
2722660
2722718
2723362
2723642
2724522
2724787
2725016
2725147
2725393
2725591
2725617
2725788
2726007
2726193
2726461
2726868
2726983
2727004
2727451
2727598
2727603
2727883
2728239
2728600
2728829
2729052
2729434
2730343
2730359
2731052
2731471
2732322
2732961
2733121
2733443
2733704
2734224
2734262
2734403
2735104
2735363
2735779
2736136
2736163
2736377
2736745
2737987
2738314
2739004
2739065
2739186
2739429
2739598
2739722
2739748
2739921
2739968
2740031
2740101
2740690
2741372
2742154
2742300
2742453
2742611
2742992
2743136
2743199
2743745
2743965
2744131
2744777
2745040
2745214
2745321
2745975
2746042
2746601
2747067
2747311
2747948
2748089
2748149
2748764
2749119
2749438
2749457
2749671
2749798
2750271
2750319
2750377
2750409
2750448
2751634
2751655
2751841
2752306
2752889
2753536
2753666
2754228
2754560
2754669
2754918
2754951
2755445
2755628
2755826
2756300
2756828
2757059
2757218
2757760
2758030
2758471
2759172
2759260
2759399
2759503
2759594
2759909
2760054
2760708
2760817
2762149
2762312
2762781
2762814
2763103
2763206
2763942
2764213
2764482
2764551
2764605
2764701
2765052
2765143
2765215
2766460
2766523
2767843
2767938
2769169
2769218
2769855
2770168
2770678
2770746
2771046
2771979
2772008
2772191
2772225
2772305
2772414
2772594
2772631
2773276
2773434
2774223
2774797
2775896
2776739
2776855
2776940
2778073
2778137
2778176
2778181
2779056
2779102
2779180
2779214
2779693
2779799
2780131
2780318
2780492
2780582
2780884
2781003
2781872
2782489
2783500
2784126
2784245
2784376
2784546
2784932
2785629
2785868
2786866
2786897
2787153
2787285
2787371
2787459
2787772
2790004
2790057
2790108
2790694
2790748
2790801
2791238
2791375
2791453
2791482
2791574
2791627
2792365
2793166
2793214
2793269
2793412
2793916
2794010
2794528
2795595
2795780
2796097
2796235
2796282
2796743
2796762
2797281
2797293
2797492
2797870
2797988
2798075
2798218
2798499
2798808
2799431
2799720
2800410
2800492
2801454
2802177
2802731
2803339
2803429
2803497
2803715
2803906
2803990
2804233
2804712
2805287
2805304
2805558
2805710
2805771
2805952
2806086
2806239
2806358
2806401
2807232
2807261
2807560
2807614
2808394
2808957
2809022
2809037
2809387
2809701
2810431
2811171
2812675
2813014
2813492
2813665
2813740
2813925
2814340
2814800
2814859
2814898
2815716
2815798
2815927
2816348
2816565
2816849
2817545
2817605
2818419
2818853
2819056
2819197
2819407
2819441
2819592
2819622
2819846
2819916
2820688
2820843
2820887
2820913
2821326
2821404
2821999
2822488
2823440
2823558
2823792
2823926
2823983
2824416
2824822
2824997
2825110
2825171
2825944
2826009
2826730
2827147
2827195
2827348
2827350
2828187
2829165
2829191
2829288
2829577
2829662
2829993
2830041
2830262
2830542
2830978
2830995
2831260
2831273
2832312
2832373
2832451
2832737
2832878
2833161
2833244
2833282
2833369
2833395
2834566
2834828
2835052
2835078
2835281
2835380
2835492
2836523
2837136
2837729
2837766
2838746
2838918
2839635
2839760
2840057
2840516
2840559
2840598
2840781
2841022
2841795
2841949
2842073
2842181
2843032
2843102
2843180
2843804
2843846
2843916
2844260
2844358
2844735
2844948
2845163
2845957
2846080
2846128
2846268
2846279
2846314
2847293
2848668
2848741
2848892
2849294
2849367
2849809
2851573
2851720
2851929
2852267
2852660
2852957
2853828
2853923
2854347
2854724
2855668
2855760
2856025
2856320
2856558
2856749
2856868
2857236
2857258
2857325
2857354
2857388
2857445
2857619
2857677
2857764
2857944
2858049
2858305
2858556
2858768
2859471
2859506
2860064
2860265
2861014
2861078
2861143
2861345
2861703
2861988
2862977
2863512
2863815
2863951
2863997
2864054
2864563
2864710
2865384
2865698
2865845
2865922
2866448
2866464
2866612
2867019
2867133
2867306
2867496
2868253
2868330
2868807
2868896
2869186
2869429
2869852
2870352
2870667
2872014
2872131
2872187
2872366
2872827
2873172
2873483
2873782
2873874
2874166
2874368
2875121
2875757
2875837
2876354
2876694
2876935
2877511
2878257
2878331
2879328
2879340
2879780
2879965
2879972
2880384
2880483
2880556
2881136
2881394
2882232
2882539
2882588
2883024
2883251
2883266
2883427
2883470
2883725
2883773
2883940
2884046
2884878
2884979
2885730
2885803
2885885
2885949
2885967
2886366
2886397
2887128
2887177
2887235
2887509
2887608
2887686
2887905
2888317
2888648
2888931
2889012
2889320
2889995
2890218
2890739
2890892
2891629
2891821
2891868
2892701
2892752
2893464
2893733
2894582
2895736
2895742
2895758
2896190
2896424
2896512
2897010
2897288
2897336
2897779
2898242
2899905
2900021
2900271
2900569
2901330
2901623
2901798
2901807
2902889
2903749
2904228
2904757
2904876
2905134
2905402
2905878
2906125
2906213
2906331
2906910
2908095
2908345
2908613
2908907
2909023
2909305
2909790
2910101
2911231
2911633
2912015
2912300
2912435
2912502
2912769
2912971
2913328
2913409
2913745
2914078
2914345
2914811
2914863
2915003
2915615
2915622
2916070
2916424
2916695
2917305
2917981
2918242
2918516
2918801
2918990
2919002
2919018
2919610
2919759
2919775
2920366
2920471
2920794
2920925
2921269
2921353
2921382
2922593
2922731
2922854
2923057
2923192
2923299
2923312
2923776
2923830
2923852
2924114
2924266
2924557
2924956
2925096
2925137
2926207
2926254
2926363
2926897
2927285
2927695
2928142
2928286
2928332
2928415
2929533
2929699
2929894
2931343
2931502
2931714
2931795
2932115
2932193
2932527
2932645
2932708
2933567
2934172
2935079
2935111
2935422
2936074
2936132
2936156
2936244
2936936
2937248
2937397
2937657
2937925
2938043
2938062
2938233
2938337
2938393
2938463
2938682
2938994
2939027
2939475
2939601
2939881
2939893
2940389
2942149
2943002
2943383
2943395
2943522
2944663
2945143
2945215
2945237
2946056
2946214
2946252
2946508
2946592
2946889
2947111
2947583
2947660
2947920
2948058
2948713
2948815
2948997
2949087
2949233
2949591
2950301
2950608
2951266
2951458
2952281
2952329
2952374
2952397
2952620
2953311
2953370
2954889
2954916
2955153
2955219
2955261
2955596
2955614
2956072
2956722
2956826
2957224
2957243
2957570
2958359
2958861
2958949
2959044
2959223
2959377
2959797
2959965
2960034
2960225
2960469
2960922
2961332
2961385
2961733
2962683
2963152
2964603
2964748
2965015
2965037
2965362
2965406
2965747
2966052
2966374
2966691
2967395
2967491
2967634
2967839
2968889
2969372
2969710
2970441
2970523
2970534
2971005
2973139
2973726
2973778
2973828
2974156
2974326
2974369
2974593
2974671
2974905
2975348
2975484
2975520
2975668
2975741
2976755
2976914
2976983
2977242
2977263
2977543
2977814
2977895
2978225
2979410
2979925
2980265
2980343
2980444
2980468
2980803
2981960
2982202
2982309
2982725
2983219
2983815
2984391
2984674
2985172
2986068
2986267
2986464
2986612
2987571
2987975
2988970
2989917
2990277
2990310
2990334
2990507
2991038
2991192
2991205
2991480
2991847
2991917
2992191
2992909
2992981
2993366
2993506
2994476
2994514
2994583
2994766
2994965
2995080
2995522
2995548
2995564
2995581
2995798
2996442
2996867
2997139
2997795
2997923
2997992
2998088
2998148
2998304
2998461
2998710
2999145
2999247
2999454
2999609
2999727
3000031
3000274
3000280
3000381
3001025
3001287
3001710
3001821
3001947
3002141
3002300
3002574
3002714
3002828
3002840
3003021
3003780
3004078
3004100
3004175
3004187
3004455
3004863
3005151
3005201
3005214
3005412
3005555
3005609
3006117
3006277
3006459
3006704
3006902
3007993
3008192
3008402
3008685
3008847
3009119
3009489
3009515
3010104
3010430
3010753
3011136
3011476
3011595
3012042
3012974
3013024
3013043
3014852
3015050
3015160
3015265
3015684
3015714
3016159
3016293
3016486
3016638
3016827
3016884
3016939
3016954
3017446
3017958
3018278
3018306
3019193
3019287
3019494
3019505
3019734
3020072
3020474
3020587
3020801
3020869
3020921
3021081
3022096
3022666
3023028
3023056
3023693
3024157
3024273
3025332
3025639
3025696
3025797
3026080
3026132
3026369
3026395
3026927
3027209
3027939
3028114
3028436
3028903
3029106
3029277
3029308
3029614
3029746
3030085
3030278
3030488
3031713
3031837
3032422
3032751
3032816
3032938
3033009
3033196
3033482
3034177
3034253
3034564
3034686
3034927
3035031
3035513
3036734
3036817
3036821
3036969
3037186
3037211
3037227
3037284
3037339
3037480
3037709
3037883
3038157
3038172
3038212
3038239
3038528
3038594
3038851
3039333
3039408
3039434
3039544
3039863
3040158
3040163
3040862
3040972
3041206
3041217
3041235
3041290
3041576
3041775
3041839
3042454
3042460
3042571
3042770
3042943
3043262
3044135
3045072
3045205
3045270
3045312
3045339
3045559
3045921
3046265
3046518
3046730
3046856
3046861
3047405
3047427
3047788
3047919
3048030
3049207
3050041
3050224
3050287
3050403
3050558
3050817
3052418
3053033
3053119
3053221
3053970
3054375
3054468
3054490
3055162
3055333
3055408
3055777
3055827
3056145
3056382
3057068
3057267
3057271
3057361
3057385
3057450
3057464
3058190
3058285
3058554
3058683
3059126
3059606
3060420
3060743
3060911
3060984
3061315
3061337
3062293
3062333
3062553
3062811
3063189
3063829
3063874
3065011
3065219
3065789
3065966
3066284
3066445
3066524
3067645
3067680
3067817
3067835
3068064
3068238
3068387
3068421
3068726
3068986
3069068
3069079
3069170
3069332
3069824
3070125
3070173
3070747
3070949
3071083
3071175
3071374
3071449
3071535
3071858
3071939
3072463
3072546
3073614
3074088
3074275
3075327
3075414
3075519
3075909
3076017
3076991
3077019
3077269
3077460
3077705
3078314
3078537
3078841
3079722
3079826
3079953
3080179
3080371
3080772
3080789
3080822
3080980
3081072
3081089
3081091
3081445
3082191
3082260
3082950
3083001
3083124
3083302
3083351
3083805
3084044
3084394
3084552
3084625
3085762
3085888
3086043
3086130
3086504
3086712
3086886
3088088
3088115
3088710
3088734
3089166
3089321
3089390
3090001
3090026
3090116
3090345
3091368
3091412
3091711
3092002
3092395
3092608
3092610
3092762
3092798
3093480
3093814
3094499
3094653
3094739
3095115
3095338
3095536
3095786
3096717
3096829
3097135
3097459
3097669
3097850
3097933
3098142
3098660
3098972
3099375
3099551
3099670
3099934
3100144
3100848
3100974
3102023
3102483
3102922
3102950
3103198
3104082
3104904
3105033
3105119
3105581
3106202
3106376
3106919
3107112
3107986
3108584
3108651
3108890
3109571
3109813
3110574
3110636
3111250
3111604
3112087
3112130
3112245
3113063
3113355
3113367
3113392
3113475
3113789
3114109
3114879
3114930
3115055
3115067
3115254
3115288
3115342
3115401
3115790
3115909
3116068
3116184
3116223
3116255
3116654
3116913
3117820
3117838
3118700
3119057
3119979
3120115
3120357
3120485
3120749
3121172
3121191
3121659
3121897
3122065
3122186
3122396
3122516
3122685
3122737
3123352
3123762
3124009
3124482
3124611
3124701
3126133
3126174
3126283
3126382
3127184
3127394
3127526
3127641
3127766
3127816
3127938
3128153
3128772
3129376
3129621
3129932
3130140
3131202
3131266
3131274
3131470
3131546
3132078
3132281
3132535
3132672
3132858
3133010
3133104
3133138
3133241
3133950
3134650
3135334
3135652
3135765
3135902
3136325
3136559
3137584
3138081
3138387
3138949
3139356
3139578
3139946
3139965
3140553
3140794
3141166
3141306
3142080
3142185
3142413
3142731
3143543
3143628
3144297
3144617
3144796
3145231
3145629
3145674
3145786
3145853
3145978
3146086
3146254
3146706
3146897
3147560
3147720
3147848
3148530
3148595
3148641
3148816
3148972
3149642
3150418
3150524
3151359
3151398
3151502
3151783
3152304
3152391
3152558
3152930
3153061
3153586
3153727
3153770
3154288
3154305
3155111
3155437
3155946
3155991
3156045
3156420
3156655
3157899
3158504
3158617
3159232
3159669
3160872
3160916
3160987
3161647
3161837
3161980
3162035
3162210
3162319
3162766
3162824
3163856
3163908
3164282
3164489
3166710
3166817
3167466
3168311
3168430
3168469
3168483
3169047
3169222
3169293
3169925
3170311
3170384
3170414
3170556
3170897
3171068
3171303
3171319
3171578
3172106
3173130
3173381
3173928
3174108
3174134
3174640
3175093
3175220
3176805
3176858
3176954
3177326
3177404
3177634
3177762
3177860
3177896
3178180
3178226
3178555
3178916
3179224
3179792
3180147
3180266
3180484
3180572
3180760
3181176
3181786
3181792
3181969
3182107
3182398
3182545
3182778
3182861
3183021
3183696
3183824
3184276
3184345
3184638
3184996
3185711
3185846
3185857
3186070
3186431
3186837
3187146
3187659
3187662
3187818
3188167
3188418
3188917
3189548
3190044
3190409
3190493
3190501
3190780
3190904
3191369
3192151
3192592
3193164
3194349
3194791
3195312
3195480
3195603
3195895
3196064
3196597
3196819
3197024
3197229
3197337
3197707
3197956
3198116
3198131
3198672
3198761
3199191
3199296
3199327
3199401
3200048
3200160
3200362
3201329
3201486
3202322
3202442
3202679
3202712
3202903
3202932
3203058
3203554
3203746
3204558
3204584
3204629
3204817
3204853
3205311
3206208
3206255
3206409
3206595
3206733
3206965
3207129
3207962
3207987
3208074
3208221
3208279
3208413
3208936
3209354
3210028
3210269
3210306
3210368
3210454
3210650
3211285
3211512
3211809
3212208
3212249
3212356
3212514
3212654
3213154
3213362
3213533
3213752
3214045
3214446
3214515
3214873
3215195
3215546
3216193
3216262
3216558
3218239
3218585
3218594
3218768
3219001
3219939
3220290
3220509
3220963
3221229
3221725
3221810
3222553
3223753
3224145
3224230
3224523
3224534
3225355
3225507
3225791
3225951
3225997
3226110
3226661
3226895
3226953
3227419
3228064
3228272
3228406
3228636
3228714
3229267
3229501
3229526
3230207
3230358
3230874
3230950
3231223
3231377
3231422
3231437
3231751
3231991
3232228
3232355
3233337
3233348
3233940
3234263
3235529
3235840
3236100
3236345
3236689
3237018
3237066
3237128
3237244
3237326
3237515
3237936
3238003
3238496
3238693
3238943
3239216
3239372
3239391
3239461
3239536
3239835
3240106
3240371
3240386
3240400
3240893
3241089
3241360
3242165
3242561
3242721
3242782
3243131
3243143
3243276
3243863
3244184
3244957
3245029
3245465
3245472
3245724
3246565
3246754
3246849
3247048
3247112
3247173
3247518
3247699
3248181
3248216
3248275
3248527
3248599
3248749
3249335
3250116
3250455
3251549
3252029
3252119
3252290
3252352
3253155
3253402
3253709
3254337
3254348
3254350
3255012
3255025
3255391
3255419
3255817
3256698
3256915
3257084
3257443
3257713
3258111
3258127
3258437
3258547
3258595
3258800
3258843
3259009
3259125
3259479
3259580
3259747
3259971
3260004
3260284
3260312
3260474
3260598
3260603
3260628
3261154
3261642
3261861
3262428
3262666
3263214
3263488
3263681
3263838
3264358
3264370
3264687
3264768
3264922
3266029
3266194
3266489
3266936
3266984
3267264
3267582
3267657
3267907
3267941
3268147
3268229
3268928
3269228
3269614
3269791
3270169
3270985
3271073
3271164
3271419
3271527
3272490
3272642
3272752
3273163
3273361
3273745
3274646
3274665
3274756
3274988
3275534
3275622
3275742
3275916
3275924
3276837
3277049
3277207
3277225
3277241
3277643
3277981
3278072
3278211
3278474
3278543
3278677
3279051
3279132
3279279
3279446
3280068
3280234
3280920
3281235
3281655
3282094
3282368
3282508
3283461
3284179
3284190
3284596
3284881
3285134
3285149
3285171
3285339
3286238
3286551
3286663
3286795
3286803
3287147
3287169
3287427
3287591
3288827
3289146
3289556
3290109
3290723
3290749
3290930
3291561
3291616
3292466
3292516
3293775
3294107
3294529
3294726
3294747
3295858
3296799
3296900
3297082
3297422
3297887
3298117
3298285
3298294
3298822
3298848
3299280
3299458
3299903
3299940
3300089
3300227
3301141
3301359
3301375
3301967
3302007
3302176
3302461
3302882
3302890
3303174
3303269
3303510
3303664
3303727
3304241
3304363
3304643
3305079
3305271
3305303
3306692
3306807
3307078
3308000
3308606
3308621
3308849
3309058
3309190
3309367
3309918
3310175
3310198
3310449
3310954
3311379
3312002
3312132
3313089
3313656
3314760
3314961
3315338
3316519
3316845
3316922
3317601
3318127
3318319
3318702
3318938
3319022
3319246
3319272
3319502
3319580
3319894
3320195
3320679
3320867
3320892
3320932
3321012
3321148
3322701
3322908
3323006
3323105
3324672
3324899
3325085
3325283
3325705
3325770
3326837
3327092
3327157
3327189
3327363
3327430
3327675
3327782
3328388
3328847
3328917
3329217
3329279
3329314
3329404
3329413
3329667
3329724
3329839
3331103
3331156
3331841
3331936
3331999
3332019
3332077
3332441
3332648
3332931
3333181
3333287
3333505
3334232
3334443
3334539
3335373
3335968
3336076
3336289
3336545
3336730
3337538
3337754
3337977
3338047
3338449
3338553
3338579
3338811
3339483
3339577
3339600
3339643
3339829
3340151
3340335
3340763
3341367
3341525
3341713
3341876
3342578
3342913
3342989
3343699
3343877
3343908
3344217
3344610
3344911
3345218
3345376
3345886
3346073
3346088
3346346
3347065
3347155
3347396
3347632
3347878
3348452
3348532
3348594
3349333
3349613
3349925
3350076
3350204
3350479
3350518
3351187
3351842
3351988
3352114
3352202
3352808
3352855
3352871
3353277
3353507
3353596
3353713
3354096
3354181
3354259
3354389
3354680
3354710
3355067
3355104
3355430
3355687
3356017
3356660
3356688
3356831
3356843
3356957
3356989
3357040
3357085
3357353
3358369
3358686
3358724
3358958
3359480
3360099
3360179
3360416
3360541
3360652
3360850
3361192
3362327
3362643
3362880
3362981
3363492
3363689
3363811
3364105
3364127
3364142
3364526
3364547
3365051
3365156
3365509
3365686
3365762
3365839
3365970
3366062
3367112
3367213
3367300
3367856
3368025
3369214
3369321
3369681
3369736
3370428
3370914
3371311
3371447
3371519
3371675
3372402
3372418
3372466
3372531
3372543
3372722
3372830
3372968
3373282
3373537
3373576
3374196
3375250
3375535
3375988
3376032
3376197
3376295
3376705
3376799
3376846
3377751
3378588
3378757
3378929
3378933
3379126
3379364
3380080
3380221
3380244
3380942
3381565
3381871
3381956
3381985
3382281
3383937
3383981
3384321
3384412
3384962
3385099
3385294
3385713
3385757
3385893
3386451
3387403
3387901
3388009
3388050
3388580
3389142
3389501
3390273
3390370
3390503
3391797
3392349
3392431
3392573
3392746
3392772
3392791
3393147
3393956
3394020
3394205
3394211
3395093
3395125
3395265
3395636
3396030
3396069
3396187
3396899
3397029
3397537
3397564
3398379
3398813
3399181
3399304
3399346
3400378
3400383
3400509
3401183
3401381
3401621
3401855
3401985
3402467
3402506
3402691
3403071
3403305
3403540
3403631
3403698
3403937
3403981
3404283
3404439
3404510
3405277
3405308
3405367
3405443
3405850
3406110
3406270
3406562
3406722
3407243
3407629
3408037
3408359
3408502
3408551
3410181
3410259
3410262
3410844
3410930
3411430
3411495
3411631
3411833
3411922
3411937
3412046
3412091
3412134
3412776
3413097
3413667
3413905
3414160
3414265
3414359
3414444
3414955
3415131
3415159
3415941
3415954
3416390
3416727
3417006
3419773
3419940
3420139
3420154
3420574
3420986
3422147
3422309
3422808
3423179
3423443
3423596
3423765
3423772
3423881
3424041
3424505
3424536
3425191
3425662
3425790
3425880
3426111
3426136
3426377
3426464
3426745
3426859
3427454
3427705
3427727
3428066
3428253
3428326
3429110
3429171
3429312
3429562
3429575
3430058
3430232
3430371
3430487
3430498
3430560
3430713
3430765
3430837
3431227
3431341
3431418
3431628
3432296
3432399
3432577
3432790
3434079
3434493
3434780
3434800
3434989
3435156
3435161
3435221
3435378
3436565
3437359
3438164
3438259
3438505
3438767
3438853
3439295
3440191
3440624
3440779
3443376
3443393
3443442
3443617
3443712
3444236
3444339
3444341
3444715
3444801
3445220
3445551
3446568
3446620
3446960
3447097
3447177
3447854
3448335
3448368
3448473
3448784
3449494
3449723
3449792
3449926
3450016
3450087
3450977
3451054
3451338
3451536
3451570
3451697
3452037
3452139
3453718
3453745
3453780
3454728
3454863
3456011
3456099
3456168
3457363
3457561
3457866
3459509
3460552
3461002
3461671
3461743
3462441
3462637
3462727
3463304
3463511
3463890
3464027
3464036
3464310
3464539
3464772
3465155
3465192
3465312
3465402
3465559
3465830
3465852
3465968
3466257
3466398
3466490
3467024
3467682
3468095
3469254
3469399
3470100
3470276
3470410
3470719
3471102
3471151
3471278
3471473
3471758
3472217
3472383
3472731
3472911
3473685
3474849
3475262
3476399
3476624
3476851
3477135
3477400
3477424
3477431
3477652
3477683
3477951
3478021
3478044
3478332
3478501
3478530
3478547
3478875
3479316
3479482
3480543
3480598
3481076
3481112
3481220
3481479
3481726
3482041
3482505
3482558
3483306
3483567
3483758
3483891
3484399
3484447
3484478
3484577
3484717
3485184
3485476
3485493
3486140
3486156
3486268
3486279
3486446
3486731
3487333
3487657
3487665
3488903
3489918
3490019
3490032
3490056
3491121
3491652
3491848
3491902
3492082
3492249
3492286
3492450
3493257
3494378
3495229
3495245
3495427
3495442
3496599
3496674
3497149
3497500
3497722
3497776
3497852
3498981
3499001
3499222
3499579
3499728
3500281
3500293
3500719
3501549
3501592
3501813
3501857
3501865
3502787
3503065
3503123
3503339
3503524
3503869
3504130
3504178
3504411
3505088
3505304
3505391
3505536
3506851
3507424
3507573
3507746
3507902
3508271
3508361
3508569
3508733
3508831
3508920
3509009
3509154
3509934
3510203
3510459
3510980
3511270
3511341
3511474
3511750
3511793
3512296
3513162
3513318
3513329
3513492
3513740
3513912
3514340
3515103
3515282
3515984
3516229
3516274
3516427
3516538
3516653
3517289
3517324
3517468
3517955
3519174
3519637
3519838
3519931
3520223
3520286
3520385
3520448
3520702
3520898
3521185
3521244
3521383
3521489
3522094
3524168
3524738
3524997
3525091
3525149
3525284
3525852
3526331
3527087
3527245
3527266
3527315
3527538
3527565
3527760
3528276
3528604
3529157
3529225
3529336
3529363
3529600
3530137
3530563
3530697
3530947
3531744
3531993
3532046
3532793
3532979
3533593
3534015
3534076
3535100
3535264
3535492
3535604
3535613
3536931
3537035
3537199
3537303
3537415
3538005
3538153
3538240
3538308
3538355
3538704
3538713
3538757
3539202
3539376
3539849
3540559
3542542
3542629
3542914
3543061
3543637
3543676
3544993
3545105
3545938
3545957
3546074
3546206
3546217
3546905
3547449
3548087
3548195
3548436
3548589
3549349
3549424
3549850
3549881
3549966
3550998
3552068
3552184
3552208
3552464
3552514
3552607
3552641
3552859
3554140
3554489
3554743
3554963
3555309
3556025
3556109
3556115
3556618
3556645
3556792
3556882
3557242
3557263
3557497
3557628
3557869
3558023
3558503
3558577
3558616
3559100
3559215
3559250
3559264
3559374
3559455
3560406
3560747
3560992
3561423
3561517
3561777
3562229
3562808
3563099
3564054
3565034
3565430
3565447
3565503
3565880
3565937
3566021
3566800
3566965
3567295
3567534
3567711
3567857
3568206
3568671
3568716
3569065
3569227
3569445
3569709
3570489
3570759
3571411
3572175
3572590
3572646
3572672
3573165
3573452
3573469
3573528
3574283
3574439
3574648
3575294
3575475
3576339
3577115
3577298
3577365
3577844
3577926
3578246
3578885
3579079
3579111
3579526
3580327
3580452
3580561
3580753
3580909
3581105
3581292
3582135
3582355
3582371
3582386
3583297
3583796
3584284
3584429
3585955
3586116
3586423
3586858
3586954
3587128
3587194
3587347
3587395
3587509
3587634
3587798
3588040
3588247
3588727
3588838
3588943
3588962
3589150
3589304
3589708
3589767
3590031
3590245
3590855
3591262
3591558
3592081
3593082
3593199
3593361
3593409
3594030
3594095
3594250
3594333
3594740
3596179
3596228
3596512
3596541
3596626
3596669
3596720
3596765
3596848
3597023
3597273
3598167
3598299
3598373
3598531
3598559
3598847
3599066
3599244
3599686
3599888
3599942
3600875
3601787
3601936
3601963
3602252
3602317
3602510
3602711
3603346
3603558
3604070
3604294
3604443
3604918
3605167
3605917
3606139
3606566
3606923
3607130
3607183
3607405
3607644
3608047
3608264
3608521
3608638
3608842
3608941
3609034
3609414
3609880
3610538
3610985
3611164
3611216
3611298
3611536
3611734
3611844
3611901
3612125
3612316
3612359
3612597
3612658
3612701
3613234
3613673
3613774
3614293
3614333
3614691
3614732
3614756
3615061
3615321
3615622
3615770
3616367
3616881
3617399
3617561
3617880
3618155
3618171
3618433
3618497
3619896
3620159
3620455
3620590
3621412
3621510
3621943
3622051
3622194
3622413
3622522
3622873
3623167
3623587
3623801
3624024
3624114
3624565
3625494
3625786
3625882
3626452
3628053
3628448
3628824
3628875
3628920
3629265
3629331
3629417
3629769
3629992
3630429
3630497
3630587
3630632
3631048
3631435
3631551
3632389
3632456
3633382
3633523
3634008
3634165
3634172
3634241
3634296
3634495
3635111
3635394
3636268
3636290
3637116
3637691
3637761
3637939
3638130
3638463
3638589
3638739
3639678
3639695
3640137
3640372
3640461
3640680
3641430
3641829
3641897
3642038
3642312
3643489
3643984
3644048
3644375
3645434
3645842
3645973
3645988
3646306
3646488
3646622
3646711
3646813
3646900
3647249
3647409
3647578
3647780
3648011
3648117
3648392
3648601
3648815
3649087
3649101
3649251
3649348
3649504
3649712
3650896
3651114
3651202
3651956
3651994
3652582
3652613
3652761
3652842
3653189
3653191
3654145
3654335
3655117
3655182
3655678
3655695
3655893
3656402
3657150
3657755
3657817
3657901
3658112
3658188
3658220
3658658
3658701
3658861
3658885
3659249
3659493
3660675
3660833
3661079
3661292
3661733
3662416
3662704
3662933
3663059
3664299
3665125
3665421
3665642
3665769
3666116
3666544
3667404
3668368
3668650
3669372
3669618
3670118
3670295
3670592
3670664
3670865
3671070
3671349
3671554
3671772
3671789
3671893
3672136
3672898
3673387
3673566
3673795
3673967
3674033
3674156
3674413
3675031
3675348
3676012
3676734
3676821
3677325
3677497
3677776
3678342
3678401
3678698
3678964
3679732
3679884
3679960
3680107
3680533
3680597
3680778
3680971
3682520
3683951
3684338
3684403
3684584
3685241
3685342
3685447
3685528
3686319
3686361
3686385
3687032
3687056
3687118
3687166
3687650
3687664
3688161
3688841
3690070
3690121
3690228
3690462
3690541
3690738
3691677
3691715
3691990
3692273
3692532
3692874
3692897
3693052
3693162
3693492
3693689
3693842
3693912
3694199
3694464
3695119
3695177
3695420
3695759
3696411
3696849
3697141
3697479
3698755
3699900
3700150
3701288
3702677
3702801
3702826
3702979
3703029
3703290
3703984
3704125
3704636
3705374
3705899
3706129
3706230
3706846
3707415
3707422
3707745
3708498
3708704
3708713
3708893
3708929
3709183
3709322
3709350
3710340
3710957
3711244
3711369
3712317
3712353
3712407
3712681
3712959
3713115
3713391
3713419
3713633
3713835
3713890
3714881
3715418
3715433
3715524
3716840
3716861
3716910
3717031
3717810
3718159
3719055
3719305
3720117
3720431
3720588
3720893
3720966
3721826
3722483
3722528
3722540
3723719
3723805
3724035
3724547
3724595
3724607
3724612
3724766
3725731
3725825
3726520
3726739
3726892
3726961
3727246
3727533
3727627
3727923
3728137
3728259
3728629
3729872
3730162
3730215
3731019
3731508
3731664
3731799
3732221
3732330
3732383
3732839
3732841
3733917
3734309
3734739
3735122
3735403
3736503
3736706
3736897
3737190
3737256
3737416
3737601
3738068
3738385
3738514
3738639
3739574
3739877
3739934
3740194
3741376
3741668
3742159
3742863
3743023
3743120
3743721
3744382
3744676
3745219
3745416
3745525
3745791
3746284
3746906
3747419
3747651
3748022
3748204
3748331
3748533
3748611
3748726
3748934
3749234
3749437
3749514
3749654
3750189
3750483
3751170
3751578
3751800
3752933
3753000
3753274
3753411
3753808
3754388
3754587
3754776
3755141
3755213
3755670
3755910
3755923
3756175
3756899
3758916
3758975
3759262
3759391
3759674
3759749
3760202
3760337
3760653
3761012
3761150
3761536
3761947
3762670
3762795
3763035
3763163
3763332
3763673
3764001
3764187
3764646
3765412
3765473
3765648
3765891
3765916
3766294
3766647
3766789
3766918
3766997
3767049
3767067
3768038
3768167
3768500
3768953
3769253
3769548
3770013
3770694
3770715
3770847
3771076
3771605
3771636
3771803
3772181
3772193
3772313
3773094
3773382
3773763
3773889
3774401
3774744
3774981
3775249
3775476
3775660
3776140
3776177
3776798
3777408
3777471
3777492
3777590
3777703
3777785
3778855
3779219
3779507
3780061
3780368
3780412
3780891
3781063
3781443
3781848
3781966
3782021
3782082
3782163
3782223
3782286
3782394
3782501
3782946
3783037
3783778
3784221
3784268
3784700
3785773
3786181
3786767
3786901
3787587
3787830
3788113
3788519
3789264
3789281
3789521
3789665
3790265
3790331
3790658
3790923
3791116
3791351
3791397
3791517
3791794
3792348
3792364
3792668
3793308
3793902
3794073
3794096
3794109
3794365
3794511
3794563
3794821
3794978
3795157
3795172
3795659
3795687
3796394
3797003
3797040
3797335
3797924
3798515
3798550
3799186
3799205
3799944
3800283
3800534
3800571
3801182
3801203
3801334
3801498
3801541
3801815
3801902
3801918
3801929
3801997
3802170
3802639
3802816
3802898
3803272
3803375
3803444
3803769
3803971
3804080
3804128
3804140
3804244
3804649
3805152
3805458
3806122
3806357
3806558
3806599
3806674
3807360
3807402
3807598
3809351
3810284
3810628
3810764
3810935
3811141
3811362
3811778
3811795
3813412
3813615
3813676
3813763
3813872
3814067
3814358
3814528
3815464
3815660
3815904
3816140
3816420
3817613
3817761
3817863
3818000
3818245
3818266
3818668
3818773
3819367
3820698
3820964
3821286
3821377
3821625
3821972
3822063
3822507
3822626
3822652
3823411
3823739
3823773
3824065
3824360
3824418
3825468
3825670
3825769
3825856
3826613
3826941
3827330
3827472
3827731
3828040
3828085
3828439
3828586
3828727
3829346
3830024
3830644
3830867
3831313
3831346
3831969
3832081
3832220
3832421
3832444
3832580
3833286
3833448
3833780
3833946
3833989
3834116
3834293
3834785
3835003
3835534
3835609
3835820
3835865
3837616
3837782
3838299
3838524
3838737
3839970
3840022
3840050
3840213
3840726
3841467
3841646
3842147
3842499
3842956
3843614
3843757
3843945
3844054
3844259
3844456
3844563
3844882
3845779
3845802
3846208
3846862
3847412
3847615
3847676
3847681
3848217
3848244
3848301
3849192
3849236
3849325
3849339
3849373
3850203
3850431
3850626
3850669
3850720
3851065
3851205
3851953
3852146
3852225
3852600
3852616
3852675
3852735
3852950
3853333
3853604
3853884
3853912
3854006
3854409
3854607
3854673
3854938
3854957
3855103
3855156
3855301
3855330
3855548
3856499
3857331
3857482
3857955
3859145
3859214
3859335
3859705
3859742
3859799
3859959
3859962
3860162
3860318
3860374
3861019
3861460
3861622
3862029
3862378
3862700
3862888
3862905
3863354
3863429
3863587
3864101
3864245
3865039
3865176
3865262
3865365
3865629
3866585
3866802
3866833
3866851
3867367
3867713
3868641
3868654
3868957
3869246
3869300
3869324
3869482
3869636
3869714
3869783
3869877
3870090
3870356
3870501
3871581
3871787
3872094
3872586
3872891
3873088
3873618
3873666
3873708
3874355
3874498
3874541
3874837
3874848
3874864
3875632
3875953
3876204
3876343
3876444
3876778
3877741
3878100
3878506
3878553
3878638
3879327
3879358
3879561
3879880
3880243
3880821
3881120
3881311
3881528
3882793
3882847
3882883
3882906
3882953
3883593
3883649
3883984
3884125
3884213
3884220
3884387
3884949
3885095
3885162
3885215
3885408
3885410
3885827
3886118
3886335
3886681
3886943
3887068
3887332
3887654
3887816
3887831
3888203
3889606
3889690
3890066
3890119
3890161
3890537
3890671
3890911
3891087
3891442
3891504
3892237
3892553
3892613
3892620
3892756
3893138
3893260
3893296
3894283
3894865
3895027
3895367
3895588
3895893
3896072
3896089
3896661
3897054
3897505
3897674
3898265
3899328
3900643
3901938
3902179
3902323
3902416
3902475
3902951
3903245
3904089
3904091
3904171
3904339
3904878
3904979
3905795
3906521
3906811
3906827
3906988
3907537
3907787
3907905
3908368
3909710
3910235
3910649
3911195
3911504
3911520
3911690
3912069
3912568
3912811
3913191
3913744
3913833
3913897
3913937
3914226
3914508
3914693
3914931
3915573
3916038
3916192
3916341
3917674
3917786
3918359
3918783
3918910
3919127
3919271
3919356
3920197
3920681
3920962
3920987
3921153
3921431
3921459
3921683
3922158
3922361
3922385
3923009
3923861
3924420
3924550
3924775
3926298
3926645
3926901
3926930
3927186
3927373
3927497
3927737
3928191
3928305
3928430
3928540
3928976
3929052
3929248
3929329
3929620
3930037
3930107
3930861
3930955
3931159
3931329
3931689
3931732
3932679
3932823
3933070
3933462
3933475
3933601
3933630
3933678
3933815
3934025
3934494
3934835
3935157
3936751
3936824
3936887
3937085
3937441
3937567
3937705
3937838
3937916
3938051
3938314
3938550
3938593
3939186
3939236
3939497
3939944
3940087
3940183
3940218
3940707
3940725
3941231
3941259
3941633
3941771
3942291
3943127
3943267
3943292
3944777
3945056
3946135
3946168
3946182
3946228
3946277
3946443
3947358
3947624
3947735
3947964
3948632
3948847
3948869
3949002
3949352
3949420
3949550
3949724
3950105
3950249
3950361
3950437
3950660
3951140
3951206
3951347
3951489
3951888
3951896
3952056
3952129
3952534
3952622
3952676
3953193
3953200
3953216
3953287
3953338
3953584
3953599
3953708
3954070
3954371
3954475
3955065
3955598
3955661
3955776
3955852
3955982
3956359
3956417
3956444
3956574
3956726
3956923
3957152
3957499
3957557
3958175
3958250
3958408
3958732
3959067
3959120
3959363
3959829
3960558
3960844
3961384
3962299
3962516
3962587
3962737
3962906
3963301
3963564
3964289
3965131
3965380
3965785
3966283
3966344
3966407
3966441
3966705
3966943
3967361
3967493
3967862
3968902
3969114
3969178
3970525
3970713
3971242
3971852
3971968
3972241
3972336
3972594
3973131
3974385
3974660
3974766
3975395
3976280
3976458
3976653
3976668
3976903
3977050
3977289
3977885
3978365
3978629
3979077
3979145
3980175
3980568
3980613
3981118
3981201
3982018
3982103
3982457
3983020
3983205
3983603
3983715
3984000
3984436
3984538
3984635
3984808
3984994
3985176
3985357
3986616
3986631
3987153
3987757
3987789
3988332
3989196
3989272
3989545
3989783
3989861
3989986
3990211
3990562
3990990
3991064
3991840
3992115
3992570
3993019
3993077
3993197
3993353
3993368
3993865
3994113
3994327
3995053
3995824
3996404
3996576
3996581
3997215
3997250
3997486
3997756
3997912
3998411
3998635
3998690
3998754
3998928
3999261
3999596
3999757
4000033
4000128
4000314
4000472
4001087
4001871
4002318
4003104
4003191
4003241
4003426
4003540
4003753
4004019
4004230
4005349
4005386
4005791
4006895
4006944
4007346
4007357
4007428
4007767
4008468
4008490
4009340
4009530
4009607
4010200
4010952
4011157
4011191
4012480
4012748
4013896
4014406
4015613
4015870
4015954
4016567
4016736
4016924
4018294
4018588
4019062
4019668
4019739
4019773
4019977
4020112
4020154
4020188
4020300
4020417
4020468
4020566
4020726
4021333
4021590
4021941
4022114
4022458
4022855
4022886
4023005
4023310
4023334
4023902
4024786
4024901
4025662
4026394
4026437
4026660
4026913
4028119
4028807
4029134
4029516
4029619
4030308
4030757
4031020
4031354
4031360
4032092
4032138
4032469
4032782
4032981
4033318
4034223
4034578
4034660
4034862
4034904
4035194
4035839
4035873
4036195
4036245
4036411
4036635
4037188
4037730
4038570
4038978
4039283
4039508
4040146
4040802
4040964
4041303
4041319
4041800
4042182
4042669
4042704
4042848
4043350
4043520
4044186
4044205
4044242
4044258
4044480
4044917
4045398
4045726
4046237
4046907
4047080
4049025
4050617
4051536
4051618
4051697
4051817
4051821
4053068
4053142
4053319
4054237
4054366
4054434
4055061
4055226
4055650
4055804
4056179
4056232
4056294
4056588
4057157
4057327
4057631
4057698
4058543
4059132
4059655
4059970
4060184
4060319
4062269
4062736
4063287
4063723
4064355
4064386
4064997
4065354
4065396
4065433
4065451
4065677
4066009
4066107
4066518
4066752
4066934
4067218
4067233
4067376
4067411
4067513
4068187
4068209
4068568
4068728
4069643
4069950
4070264
4070579
4071077
4071094
4071102
4071133
4071252
4071321
4071344
4072326
4072775
4072798
4072839
4072860
4073242
4073466
4073598
4073603
4074266
4074350
4074411
4074892
4075088
4075200
4075817
4075930
4076288
4077392
4077630
4078729
4079009
4079139
4079663
4080312
4080990
4081479
4081726
4082558
4083441
4083650
4083676
4083681
4083711
4083804
4083889
4084296
4084594
4084802
4085286
4087237
4087604
4087620
4088348
4088484
4088589
4089058
4089219
4089462
4089765
4089850
4090201
4090269
4090622
4090975
4091011
4091042
4091084
4091822
4092053
4092394
4093343
4093658
4093752
4094002
4094074
4094185
4094301
4094667
4094724
4094841
4095315
4095364
4095823
4095994
4096007
4096181
4096216
4096365
4096629
4096645
4096817
4097038
4097685
4097737
4098008
4098363
4098370
4098897
4099001
4099351
4099374
4100211
4100312
4100480
4100656
4100750
4100776
4101468
4101670
4102389
4102563
4102817
4103003
4103166
4103510
4103763
4104540
4105184
4105234
4105547
4105797
4105887
4106290
4106671
4106905
4107014
4107237
4107794
4107811
4107870
4108195
4108297
4108572
4108707
4108977
4109974
4110250
4110351
4110486
4110691
4111056
4111460
4111567
4111592
4111943
4112206
4112268
4112649
4112873
4112888
4112999
4113072
4113445
4113715
4113921
4114169
4114280
4114322
4114427
4114903
4114932
4114977
4115096
4115262
4115357
4115680
4115930
4116662
4116802
4117106
4117349
4117929
4118255
4118377
4119204
4120546
4120679
4121012
4121440
4121570
4122343
4122468
4122490
4123082
4123127
4123625
4123702
4124052
4124159
4124281
4124785
4124827
4125056
4125368
4125441
4126084
4126135
4126190
4126310
4126512
4126588
4126772
4126850
4127165
4127327
4127430
4128046
4128072
4129080
4129279
4129798
4130377
4130780
4130816
4131999
4132201
4132295
4132441
4132975
4133320
4133494
4134462
4134945
4134966
4134980
4135312
4135445
4136022
4136037
4136139
4136265
4136611
4137000
4137031
4138665
4139010
4139172
4139577
4139662
4141121
4141713
4142501
4143406
4143803
4143955
4144352
4144839
4145087
4146150
4146346
4146485
4146666
4146882
4146926
4147211
4147640
4147878
4148342
4149863
4149884
4149988
4150015
4150300
4151026
4151083
4151582
4151777
4151827
4151907
4152565
4152994
4153036
4153256
4154346
4154947
4155358
4155744
4155976
4156105
4156702
4156816
4156913
4157247
4157353
4157586
4157770
4157975
4158018
4158634
4158700
4158775
4159110
4159373
4159497
4159559
4159694
4159883
4160630
4161046
4161089
4161227
4161270
4162067
4162426
4163083
4163553
4163657
4163954
4164053
4164729
4164824
4164938
4165097
4165958
4166470
4166499
4166513
4166823
4167316
4167435
4167605
4168060
4168122
4168243
4169335
4169441
4169615
4169648
4169813
4169959
4169975
4170025
4170041
4170073
4170403
4170792
4171071
4171239
4171631
4171964
4172847
4173045
4173185
4173217
4173576
4174331
4174726
4175095
4175455
4175568
4175689
4175740
4175899
4175996
4176028
4176151
4176460
4176571
4176763
4177409
4177972
4178848
4179062
4179903
4180045
4181169
4181653
4181867
4181956
4182143
4182281
4182351
4182836
4183706
4184180
4184664
4184758
4184865
4185011
4185036
4185294
4185554
4185848
4185966
4186418
4186466
4186801
4187096
4187224
4188986
4189673
4189824
4190010
4190483
4192203
4192462
4192475
4192738
4192815
4192980
4193016
4193251
4193337
4193458
4193557
4193644
4193855
4193892
4194236
4194944
4195093
4195726
4196187
4196276
4196281
4196351
4197489
4198145
4198425
4198804
4199357
4199868
4199879
4200198
4200302
4200535
4200604
4201003
4201077
4201094
4201379
4201425
4202103
4202132
4202326
4202438
4202465
4202548
4202581
4202634
4202798
4203990
4204016
4204229
4204470
4204653
4205372
4205584
4205629
4206055
4206071
4206120
4206358
4206577
4206721
4206950
4206964
4207392
4207498
4207507
4207539
4207588
4207647
4207669
4207876
4207918
4207945
4208448
4209272
4209324
4209444
4209597
4209605
4209714
4210058
4210285
4210308
4210424
4211110
4211396
4211685
4211878
4212447
4212532
4212950
4213014
4213026
4213078
4213116
4213568
4213954
4214340
4214816
4215413
4215420
4216147
4216572
4216760
4216871
4217533
4218697
4218806
4218969
4219166
4219197
4219962
4220530
4221185
4221489
4221491
4221807
4221839
4221936
4222003
4222353
4222763
4222943
4223073
4223096
4223584
4224190
4224219
4224588
4225171
4225830
4225869
4226291
4226417
4226529
4226783
4227297
4227557
4228026
4228095
4228162
4228761
4229008
4229698
4229802
4230150
4230599
4230674
4231157
4232155
4232339
4232396
4232883
4233097
4233194
4233438
4233576
4233608
4233775
4234196
4234769
4234923
4234992
4235026
4235884
4236321
4236693
4237068
4237255
4237377
4237385
4237991
4238063
4238228
4238232
4238459
4238626
4238837
4239043
4239280
4239364
4239436
4239739
4239928
4240661
4240709
4241246
4241986
4242137
4242346
4242389
4243145
4243174
4243931
4244104
4244172
4244336
4245163
4246018
4246282
4246446
4246649
4246667
4247293
4247553
4247579
4247646
4247884
4247925
4248195
4248919
4248977
4248994
4249507
4249713
4249765
4249933
4249974
4250214
4250454
4250488
4250508
4250567
4250758
4250872
4251182
4251746
4252292
4252328
4252481
4252552
4252751
4252862
4253213
4253803
4253819
4254177
4254330
4254700
4254873
4255126
4255635
4255644
4255788
4255871
4255886
4255977
4256122
4256262
4256749
4256890
4256952
4256978
4257402
4258503
4258643
4260246
4260359
4260362
4260417
4260533
4260597
4260856
4262043
4262101
4262682
4262707
4262754
4262808
4263765
4263822
4264224
4264633
4264792
4264995
4265067
4265071
4265120
4265191
4265687
4265790
4265915
4266068
4266223
4266673
4266797
4267003
4267317
4267460
4267959
4268132
4268314
4268839
4269354
4269451
4270045
4270132
4270268
4270314
4270515
4270958
4271169
4271233
4271350
4271381
4271546
4271903
4271919
4272740
4272939
4272988
4273540
4273818
4274736
4275027
4275135
4275256
4275308
4275525
4276004
4276205
4276299
4276677
4276895
4276953
4277039
4277978
4278861
4279422
4279718
4280528
4281017
4281223
4281547
4281641
4281654
4281751
4282400
4282614
4282695
4282929
4283297
4284057
4284895
4285398
4285819
4286116
4286732
4287051
4287446
4287667
4287888
4287963
4288379
4288488
4289563
4289930
4289947
4290463
4291041
4291122
4291403
4291755
4291792
4292154
4292173
4292246
4293501
4293774
4294248
4294646
4295019
4295622
4295727
4296058
4296135
4296153
4296367
4296695
4296893
4297616
4297659
4297948
4298270
4298418
4298451
4298466
4299564
4299812
4299927
4300015
4300406
4300955
4301302
4302178
4302458
4303285
4303349
4303539
4303929
4303933
4304313
4304365
4304389
4304494
4304563
4304983
4305744
4305937
4305950
4306286
4306660
4306688
4306991
4307891
4308301
4308347
4308491
4308841
4309167
4309205
4311261
4311746
4313009
4313064
4313141
4313173
4313574
4313752
4313769
4314491
4314537
4315760
4315886
4316122
4316137
4316150
4316231
4316304
4316477
4316821
4317123
4317433
4317543
4317737
4317852
4318414
4318631
4318950
4319209
4320066
4320132
4320194
4320608
4320610
4320762
4321062
4321233
4321315
4321350
4321364
4322345
4322521
4322553
4322811
4323138
4323818
4325400
4325876
4325881
4325980
4326388
4326793
4326869
4327148
4327150
4327262
4327456
4327882
4328037
4328160
4328398
4328923
4329068
4329437
4330104
4330165
4330336
4330721
4330909
4330922
4331079
4331481
4331965
4332837
4333126
4333796
4334258
4335050
4336613
4336960
4337593
4338247
4338353
4338889
4338900
4339786
4339947
4340277
4340713
4340822
4342023
4342495
4342631
4342717
4343026
4343302
4343553
4343719
4344271
4344361
4344780
4344898
4345268
4345472
4345936
4346463
4346470
4346725
4346849
4347009
4347362
4347670
4347832
4347856
4347910
4348096
4349133
4350222
4350423
4350988
4351145
4351166
4351650
4351711
4351736
4352839
4352936
4353263
4353715
4354098
4354442
4354741
4355176
4355224
4355259
4355697
4355817
4356010
4356113
4356288
4356305
4356426
4357058
4357554
4357974
4358450
4358733
4358766
4359093
4359421
4360445
4360466
4360516
4360776
4360781
4360953
4361726
4361747
4361769
4361840
4361967
4362755
4363102
4363727
4363916
4364768
4364964
4365021
4365082
4365328
4365493
4365696
4365862
4365920
4366936
4367842
4368031
4368126
4368183
4368376
4368538
4368741
4368823
4368985
4369099
4369190
4369757
4369789
4370337
4370350
4370707
4371054
4371164
4371456
4371477
4371697
4371710
4372050
4372213
4372362
4373127
4373547
4374397
4374620
4374646
4374805
4375226
4375317
4375368
4375865
4375987
4376371
4376652
4376974
4377067
4377260
4377327
4377993
4378474
4378480
4378575
4378982
4379018
4379097
4379841
4379873
4380437
4380991
4381119
4381177
4381854
4381911
4382003
4384261
4384400
4384809
4385270
4385341
4385656
4385793
4386574
4386923
4387178
4387309
4387364
4387653
4387679
4387810
4387977
4387994
4388318
4388568
4388672
4388732
4389157
4389241
4389399
4389845
4389937
4390287
4390494
4390868
4391157
4391288
4391363
4391880
4392632
4393029
4393194
4393244
4393268
4393457
4393491
4394160
4394910
4395237
4395941
4396133
4396283
4396857
4397068
4397607
4397875
4398005
4398058
4398099
4398765
4399322
4399337
4399760
4399788
4399940
4400053
4400612
4401033
4401119
4401593
4401775
4402061
4402094
4402534
4403109
4403115
4403357
4403428
4403511
4404541
4404746
4405500
4405619
4406265
4407251
4407350
4407644
4407739
4408732
4408996
4409616
4409874
4410016
4410178
4410712
4411440
4411527
4411674
4411817
4411882
4412566
4412642
4413111
4413688
4413800
4413965
4414175
4414506
4414691
4414863
4415508
4416027
4416058
4416431
4417254
4417469
4417528
4417631
4418396
4418748
4418781
4419033
4420083
4420455
4420521
4420777
4420863
4421032
4421230
4421379
4421439
4421555
4421742
4422119
4422185
4422593
4422623
4423020
4423979
4424114
4424376
4424557
4424707
4424855
4425357
4425536
4425817
4426401
4426447
4426662
4426675
4426768
4426851
4427070
4427462
4427695
4427791
4427837
4428079
4429107
4429545
4429701
4429795
4429967
4430192
4430619
4431154
4431160
4431220
4431444
4432536
4432926
4433003
4433586
4433676
4434370
4434528
4435082
4435514
4435625
4436029
4436080
4436457
4437014
4437078
4437124
4437333
4437374
4437506
4437544
4438546
4438712
4439232
4439573
4439704
4439713
4439997
4440298
4440338
4441469
4441577
4441659
4442004
4442388
4442433
4442750
4443347
4443999
4444015
4444125
4444359
4445026
4445052
4445568
4446368
4446412
4446567
4446872
4446959
4447377
4447450
4447493
4447660
4447718
4448355
4448683
4448837
4449405
4449565
4449849
4449985
4450253
4450854
4450958
4451364
4451427
4451546
4451810
4452001
4452318
4452761
4452811
4453384
4453426
4453721
4454439
4455277
4455285
4455512
4455614
4455902
4456258
4456737
4456921
4457054
4457148
4457629
4458188
4458490
4458580
4459688
4460241
4460790
4461068
4461328
4461774
4462228
4463381
4463463
4463589
4463653
4463867
4464089
4464433
4464764
4464878
4464917
4465819
4466351
4466604
4466954
4467156
4467446
4467515
4468460
4469150
4469262
4469485
4469697
4470201
4470283
4471036
4471179
4471789
4471822
4472223
4472780
4473196
4473819
4474018
4474235
4474610
4475405
4475463
4475725
4475849
4476584
4477110
4477722
4477748
4477776
4477830
4478055
4478165
4478802
4479842
4480289
4480343
4480663
4481250
4481410
4481657
4482364
4482458
4482892
4482932
4483203
4484096
4484150
4484570
4485146
4486017
4486530
4486816
4487306
4487454
4487609
4488074
4488378
4488404
4489270
4489632
4489685
4489737
4489750
4489764
4490005
4490371
4491134
4491299
4491516
4491709
4491737
4491935
4491990
4492594
4493116
4493318
4493449
4493689
4493794
4493858
4494409
4494831
4495156
4495177
4495282
4495352
4495465
4495550
4495927
4496337
4496849
4496867
4497037
4497213
4497421
4497435
4497453
4498109
4498403
4498708
4499488
4500321
4501106
4501182
4501822
4502006
4502547
4502774
4503529
4503769
4503819
4504404
4504489
4504655
4504873
4504942
4505589
4506708
4506914
4507072
4507524
4507814
4508071
4508254
4509030
4509124
4509646
4509657
4509973
4510020
4510186
4510685
4511050
4511220
4511406
4511482
4511518
4511670
4511819
4512680
4512708
4512723
4512930
4513129
4513269
4513283
4513508
4513916
4514363
4514414
4514753
4515493
4515774
4515831
4516045
4516080
4516958
4517380
4517568
4517579
4517582
4517863
4518499
4518725
4518810
4519893
4520067
4520172
4520631
4521286
4521303
4521862
4522219
4522323
4522459
4522809
4523297
4523538
4523606
4524091
4524312
4524396
4524598
4524685
4524694
4524852
4524917
4525009
4525435
4525490
4525819
4525949
4526001
4526318
4526366
4526613
4526689
4526728
4526732
4527330
4528028
4528226
4528727
4529115
4529304
4529440
4529563
4529930
4530337
4530617
4530679
4530788
4531275
4532015
4532949
4533271
4533286
4533526
4533816
4533875
4534467
4535247
4535711
4536256
4536371
4536720
4537358
4537503
4537594
4537643
4537717
4538004
4538402
4538628
4538801
4538979
4538982
4539378
4539465
4539509
4539649
4539839
4540196
4541069
4541095
4541159
4541222
4541276
4542381
4542504
4542565
4542591
4542606
4542739
4542871
4543757
4543837
4545055
4545254
4545585
4545687
4545993
4546079
4546249
4546450
4546729
4547247
4547407
4547488
4548282
4549354
4550042
4550256
4551299
4551474
4551559
4551575
4552430
4552802
4552993
4553777
4553941
4554006
4554170
4555066
4555235
4555825
4556393
4556712
4557022
4557050
4557398
4557479
4557533
4558039
4558243
4559032
4559085
4559102
4559664
4559727
4559931
4560001
4560553
4560756
4560939
4561061
4561306
4561567
4561916
4563236
4563418
4563575
4563737
4564376
4565039
4565674
4566113
4566643
4567367
4568234
4568625
4568800
4569658
4570448
4570673
4571522
4571812
4572353
4572454
4572799
4573680
4574005
4574042
4574367
4574669
4574980
4575429
4575451
4575497
4576220
4576482
4576490
4576551
4576699
4576856
4577031
4577195
4578131
4578318
4578397
4578568
4579207
4579532
4579948
4580456
4580651
4580680
4581311
4581687
4581698
4581897
4582065
4582171
4582373
4582619
4582632
4583457
4584154
4584658
4584699
4585728
4586085
4586555
4587612
4587641
4587831
4588042
4588121
4589062
4589903
4590103
4590268
4590655
4590812
4591322
4591458
4591484
4592078
4592209
4592329
4592408
4592568
4592954
4593055
4593483
4593624
4593631
4593874
4594129
4594145
4595443
4595881
4596155
4596640
4596661
4596814
4598265
4598636
4598684
4598819
4599476
4599481
4599552
4599780
4599797
4600023
4600706
4600753
4601105
4601111
4601136
4601208
4601612
4602240
4602261
4602323
4602367
4603031
4603635
4603928
4604046
4604065
4604192
4604531
4605048
4605324
4605421
4605778
4606083
4606811
4606912
4607177
4607839
4607905
4608454
4608508
4608510
4609060
4609494
4609666
4609755
4609952
4610235
4610395
4611405
4611725
4612052
4612329
4613503
4613915
4614889
4615240
4615443
4615498
4615876
4616270
4616341
4616737
4616979
4618453
4618783
4619303
4619415
4621121
4621294
4621475
4621713
4621945
4622501
4622583
4623009
4623566
4623795
4624301
4624911
4625101
4625218
4625682
4625892
4625928
4626041
4626096
4626494
4626599
4626879
4627004
4628503
4629517
4629665
4629740
4630009
4630518
4630642
4630856
4630910
4631276
4632668
4633099
4633541
4633837
4634853
4634995
4635086
4635207
4635311
4636035
4636136
4637283
4637770
4637799
4638002
4638206
4638347
4639155
4639171
4639227
4639587
4639715
4640043
4640251
4640653
4641200
4641651
4641786
4641853
4642081
4642684
4642819
4642910
4643481
4643547
4644026
4644281
4644517
4644954
4645252
4645508
4646182
4646431
4647311
4648587
4649465
4649888
4650547
4650780
4650843
4650862
4650946
4650972
4652382
4652496
4652838
4652889
4653527
4653792
4654027
4654881
4655072
4655575
4656037
4656257
4656699
4657364
4657682
4657823
4658449
4658988
4659532
4659540
4659643
4659993
4660012
4660176
4660505
4660584
4661662
4661744
4661880
4661897
4662057
4662108
4662781
4663369
4663942
4664188
4664435
4664551
4664627
4666439
4666510
4666742
4666891
4667843
4667904
4668084
4668144
4669016
4670070
4670588
4671480
4671709
4671921
4672469
4672915
4672937
4673811
4674448
4674481
4674514
4674797
4674989
4675161
4675550
4676075
4676098
4676101
4676130
4676218
4676309
4677300
4677398
4677580
4677747
4678041
4678275
4678346
4678391
4678710
4679295
4679460
4679891
4680026
4680159
4680912
4680954
4682051
4682550
4682581
4682905
4682999
4683186
4683242
4683299
4683388
4684668
4684690
4685570
4685697
4685755
4685844
4685947
4686401
4686768
4687261
4687614
4688450
4688514
4688946
4689050
4689699
4690263
4690559
4690750
4691343
4691684
4691856
4692150
4692755
4692771
4692853
4692930
4693197
4694327
4694370
4695751
4696244
4696634
4697083
4697374
4697703
4698956
4699084
4699459
4699462
4699765
4700617
4701485
4701563
4701570
4702015
4702289
4703142
4703481
4703729
4703991
4704237
4704719
4705379
4705838
4705998
4706308
4706573
4706966
4707104
4707120
4707483
4707662
4707851
4707976
4708013
4708091
4708108
4708429
4708433
4708531
4708656
4708709
4709548
4709608
4709999
4710585
4710698
4710829
4711223
4711234
4711501
4711887
4711904
4712400
4712539
4712601
4712678
4712951
4713059
4713114
4713147
4713932
4714677
4715196
4715435
4715574
4716026
4716582
4716811
4716863
4717413
4717548
4718763
4718820
4719338
4719419
4720373
4720559
4721048
4721627
4722456
4723510
4723571
4723681
4724426
4724706
4724964
4725843
4725875
4726119
4726290
4726383
4726686
4726825
4727544
4727672
4727884
4728393
4728436
4728985
4729063
4729219
4729431
4730230
4730838
4731036
4731285
4732415
4732493
4732607
4733022
4733125
4733642
4733783
4733885
4733908
4734404
4734984
4735178
4735202
4735381
4735513
4735773
4735810
4736216
4736287
4736755
4738753
4739100
4739827
4739996
4740105
4740111
4740361
4740831
4740938
4742151
4742201
4742407
4742412
4742758
4742865
4743786
4744323
4744400
4744507
4745020
4745110
4745211
4745418
4745944
4747195
4747393
4747621
4747653
4747903
4749049
4749138
4749172
4749327
4749753
4749790
4750440
4750494
4750558
4751212
4751426
4751430
4751577
4751600
4751744
4751845
4751880
4752065
4752123
4752312
4752341
4752801
4753206
4753515
4753841
4754125
4754188
4754272
4754421
4754663
4755198
4755517
4755582
4755925
4755941
4755996
4756197
4756201
4756353
4756473
4756758
4757079
4757170
4757332
4757569
4758099
4758153
4758974
4759126
4760206
4760958
4761016
4761114
4761280
4761538
4761589
4761823
4761871
4762521
4763687
4763717
4764425
4764609
4764931
4765240
4765256
4765443
4765539
4765560
4765669
4765757
4765974
4766091
4766110
4766284
4767148
4767259
4767599
4767995
4768502
4768934
4769017
4769068
4769501
4769751
4770533
4770832
4771162
4771613
4771925
4772218
4772364
4772788
4773507
4773929
4773951
4774122
4774193
4774320
4774357
4774868
4774879
4774947
4775577
4776111
4776696
4776991
4777040
4777056
4777353
4777439
4777736
4778279
4778326
4778369
4778716
4778743
4779388
4779562
4780713
4780738
4781211
4781814
4782023
4782113
4782532
4782556
4782782
4782948
4783124
4783366
4783374
4783954
4784158
4784501
4785235
4785395
4785841
4786114
4786364
4787107
4787112
4787566
4787580
4787642
4787684
4787701
4788365
4788708
4789379
4789959
4790083
4790553
4790657
4790691
4790842
4790925
4790941
4791586
4792235
4792548
4792593
4793598
4793656
4793852
4793869
4794376
4794411
4794606
4795275
4795313
4795338
4795494
4795599
4795633
4795835
4796120
4796426
4796532
4796717
4797005
4797424
4797683
4797864
4798082
4798199
4798267
4798887
4799387
4799518
4800005
4800070
4800487
4800746
4800929
4801852
4803026
4803329
4803434
4803732
4804184
4804797
4804875
4805472
4806126
4806810
4807125
4807518
4807658
4807701
4807783
4808477
4808882
4809390
4809705
4810015
4811380
4811590
4811691
4811761
4812739
4812810
4813121
4813974
4814060
4814287
4814947
4815880
4815937
4817283
4817454
4817549
4817770
4818029
4818074
4818097
4818491
4818610
4819396
4819531
4820389
4820494
4820584
4820651
4820710
4820947
4821172
4821241
4821327
4821532
4821561
4821600
4821687
4821782
4821909
4822474
4822480
4822562
4823326
4823369
4823608
4823724
4823762
4823984
4824048
4824141
4824196
4824769
4824832
4824986
4825471
4826040
4826145
4826390
4826676
4827044
4827292
4827745
4828099
4828135
4828554
4828876
4830515
4830873
4830888
4831000
4831114
4831309
4832001
4832100
4832318
4832912
4833239
4833483
4833768
4833993
4835063
4835190
4835902
4836038
4836108
4836258
4836263
4836497
4837259
4837389
4837428
4838076
4838160
4838196
4838291
4838453
4839286
4839448
4840078
4840333
4840703
4841622
4841804
4842279
4842472
4842576
4842807
4843186
4843354
4844348
4844364
4844961
4845231
4845494
4846358
4846401
4846993
4847228
4847261
4847512
4847683
4847704
4847966
4848385
4848501
4848920
4849551
4849636
4849923
4849955
4850205
4850299
4850685
4851196
4851597
4851769
4852259
4852357
4852879
4853269
4853975
4854049
4854327
4854503
4854698
4854866
4855136
4855409
4855530
4855583
4855766
4855972
4856018
4856066
4856253
4856301
4856854
4856970
4857014
4857159
4857333
4857345
4858442
4858589
4858690
4858707
4859099
4859168
4859323
4859738
4860441
4860473
4861323
4861525
4861789
4861850
4861902
4862163
4862816
4863220
4863518
4863580
4863642
4863819
4865043
4865499
4866419
4866633
4866680
4866755
4868191
4868241
4868447
4868717
4870779
4870981
4871476
4872135
4872966
4872997
4874263
4874628
4874793
4875343
4875605
4875949
4876175
4876858
4877807
4877896
4879181
4879391
4879456
4879505
4879645
4879666
4880126
4880961
4881088
4881372
4881419
4881428
4881786
4881890
4882359
4882574
4883377
4883385
4883530
4883639
4884732
4884805
4884842
4885040
4885077
4885094
4885379
4886596
4886678
4886757
4887172
4887305
4887363
4887370
4887643
4887662
4888065
4888108
4888171
4888186
4888284
4888598
4889413
4889775
4889927
4890210
4890234
4890450
4891066
4891522
4892180
4892368
4892770
4893983
4894695
4895677
4895776
4895826
4896291
4896714
4896832
4897178
4897202
4897442
4897458
4897546
4897796
4898281
4898506
4898582
4898960
4898973
4899358
4900440
4900618
4900792
4900995
4901120
4901721
4901948
4902373
4902433
4903420
4903515
4903731
4904289
4904529
4904566
4905052
4905329
4905366
4906145
4906306
4906382
4906488
4906622
4906889
4907578
4907957
4908294
4908498
4909024
4909322
4909739
4909994
4910223
4910673
4910780
4910904
4911314
4911330
4911787
4912174
4912226
4912959
4913527
4913536
4913710
4914027
4914400
4914507
4914630
4914713
4914789
4914974
4915065
4915236
4915559
4916048
4917178
4917229
4917393
4917591
4917754
4918777
4919631
4920144
4920256
4920757
4921046
4921065
4921110
4921474
4922483
4922503
4922540
4922698
4923162
4923535
4923553
4923568
4923939
4923973
4924021
4924158
4924319
4924530
4924774
4925608
4925839
4925936
4926075
4926114
4926229
4926463
4926606
4926961
4927107
4927291
4927300
4927375
4927752
4928338
4929379
4929763
4929799
4929804
4931003
4931056
4931368
4931379
4931382
4931846
4932352
4932438
4933110
4933418
4933709
4933968
4934381
4934760
4934903
4934961
4935164
4936023
4936146
4936483
4936519
4936624
4936631
4936735
4937084
4937182
4937261
4937355
4937498
4937614
4937918
4937997
4938394
4938409
4938816
4938938
4938946
4939022
4939213
4939663
4939861
4940132
4940593
4940798
4941043
4941635
4941919
4942198
4942805
4943172
4943327
4943624
4943631
4943964
4944382
4944439
4945084
4945626
4946046
4946429
4946603
4946935
4947096
4947853
4947978
4948009
4948141
4948502
4948663
4949249
4949415
4949578
4949612
4950034
4950092
4950146
4950212
4950399
4950866
4952626
4952695
4952746
4953024
4953458
4954236
4955048
4955291
4955714
4955910
4956590
4957074
4957080
4957383
4958061
4958820
4959313
4959365
4959844
4960152
4960251
4960572
4960591
4961041
4961148
4961176
4961193
4961304
4961428
4961723
4961983
4962435
4962699
4962832
4962910
4963843
4963875
4963957
4964250
4964397
4964517
4964613
4965567
4965763
4966232
4966822
4967687
4968480
4968559
4968619
4968826
4969221
4969841
4970123
4970466
4970640
4970781
4970852
4970944
4971658
4971971
4972262
4972844
4973214
4973534
4973962
4974104
4974880
4975450
4975612
4975639
4975729
4976002
4977083
4977124
4977329
4977486
4977506
4978315
4978348
4978760
4979099
4979294
4979596
4980295
4980567
4980758
4980900
4981232
4981951
4982249
4982481
4982660
4982913
4984140
4984206
4984888
4984970
4985233
4985871
4985892
4986088
4986697
4986708
4986749
4987516
4987801
4988311
4988327
4988384
4988779
4988880
4989131
4989535
4989805
4989863
4990908
4990934
4991836
4991912
4992016
4992059
4992062
4992309
4992932
4993203
4993219
4993822
4993974
4994060
4994224
4994536
4994645
4994674
4994947
4995120
4995189
4996163
4997693
4997758
4997763
4997784
4997813
4998074
4998279
4998489
4998692
4999575
4999598
4999632
5000299
5001188
5001375
5001636
5002164
5002216
5002432
5002666
5002697
5004401
5004915
5005831
5005862
5005938
5006119
5006253
5006743
5007095
5007250
5007506
5007756
5007805
5008251
5008956
5009190
5009232
5009459
5009462
5009630
5009837
5010276
5010380
5011028
5011382
5011496
5011693
5012045
5012177
5012185
5012253
5012413
5012927
5013603
5013656
5013661
5014059
5014087
5014315
5015007
5015150
5015346
5015536
5015786
5015983
5016092
5016426
5016687
5016753
5016964
5016993
5017099
5017285
5017323
5018501
5018745
5018766
5018859
5018989
5019894
5019910
5019967
5021073
5021419
5022265
5022387
5022795
5022819
5022971
5023267
5023766
5023965
5025056
5025214
5025382
5025609
5025799
5026355
5026539
5026601
5026630
5027120
5027358
5028236
5028299
5029140
5029326
5029667
5030208
5031634
5031762
5032488
5033025
5034424
5034498
5034539
5035091
5035307
5035661
5036362
5036479
5037251
5037274
5038001
5038366
5038467
5038805
5039311
5039624
5039768
5040916
5041005
5041507
5041678
5042493
5042607
5042696
5042729
5042957
5043701
5043730
5044290
5045062
5045617
5045679
5045739
5045834
5046477
5046599
5046633
5047661
5047677
5048023
5048113
5048426
5049366
5049638
5049884
5049899
5050375
5050518
5050877
5051345
5051805
5051941
5052183
5052322
5053058
5053219
5053285
5053355
5053918
5054338
5055071
5055305
5055430
5055478
5055577
5055829
5055897
5055993
5056158
5056530
5056639
5057306
5057637
5058279
5059038
5059524
5059793
5060588
5060669
5061284
5061429
5061466
5061640
5062225
5062478
5062782
5062802
5062950
5063030
5063329
5063703
5064068
5064208
5064552
5064673
5065177
5066707
5066961
5067037
5067533
5067636
5068054
5068749
5068767
5068890
5069019
5069226
5069664
5069865
5069889
5070432
5070558
5070602
5070710
5071055
5071104
5071779
5072004
5072065
5072091
5072167
5072284
5072299
5072418
5072598
5072917
5073383
5074050
5074093
5074188
5074316
5074362
5074769
5075047
5075604
5076269
5076295
5076496
5078144
5078240
5078652
5078720
5078746
5079233
5079470
5079484
5079653
5079823
5079903
5080268
5080383
5081245
5081985
5082449
5082646
5083260
5083698
5084201
5084549
5084615
5084770
5085228
5085588
5085626
5085678
5085893
5086065
5086072
5087039
5087054
5087346
5087389
5087485
5087511
5088406
5089208
5089255
5089385
5089898
5090358
5090370
5091170
5091639
5091696
5091875
5092349
5092507
5092539
5092822
5092918
5093101
5094155
5094451
5095081
5095832
5096293
5096719
5096899
5097080
5097282
5097383
5097787
5098180
5098425
5098496
5098889
5099320
5099456
5099786
5099817
5100244
5100522
5100911
5101513
5101520
5101668
5102899
5103189
5103327
5103452
5103556
5103577
5103600
5105228
5106167
5106396
5106677
5106781
5106953
5107298
5107680
5107817
5108188
5108435
5108611
5108752
5108856
5108955
5109006
5109751
5109774
5110584
5110890
5110926
5110983
5111120
5111311
5111818
5112242
5112500
5112709
5113051
5113279
5113378
5113404
5113984
5114291
5114300
5114533
5114856
5114861
5115026
5115366
5115517
5115665
5115988
5116028
5116278
5117142
5117303
5117745
5117904
5118063
5118525
5118669
5119043
5119183
5119266
5119364
5119834
5119994
5120022
5120265
5121014
5121052
5121276
5121590
5121672
5121785
5122101
5122251
5122274
5122538
5122591
5122606
5122754
5123228
5123355
5123626
5123678
5125055
5125342
5125447
5126053
5126422
5127335
5127496
5127592
5127664
5127943
5128103
5129020
5129046
5129167
5129211
5129402
5129628
5129776
5130190
5130652
5130746
5131004
5131284
5131445
5131466
5131587
5131814
5132157
5133281
5134208
5134816
5135446
5135692
5135724
5135759
5135812
5135854
5135958
5136152
5136309
5136644
5136653
5137343
5137417
5137861
5138193
5138477
5138930
5138983
5139056
5139508
5139650
5139676
5139758
5139784
5139813
5140146
5141035
5141044
5141136
5141493
5141920
5142144
5142168
5143867
5143919
5144242
5144685
5145257
5145300
5145331
5145611
5146078
5146380
5146471
5147156
5147841
5147963
5148571
5148648
5148770
5149200
5149419
5150059
5150195
5150376
5150928
5151734
5153090
5153163
5154052
5154248
5154281
5154329
5154380
5154544
5154579
5154719
5156980
5157008
5157010
5157067
5157370
5157399
5157600
5157624
5157744
5157779
5157915
5158020
5158227
5158793
5159253
5159731
5160090
5160111
5160448
5160729
5161608
5161888
5161905
5161999
5162019
5162061
5162151
5162283
5162705
5163007
5163440
5163633
5163786
5163853
5163914
5164182
5164512
5164772
5165543
5165619
5165709
5165776
5166009
5166141
5166324
5166482
5166597
5167169
5167233
5167309
5167337
5167405
5167617
5167741
5168568
5168973
5169721
5169744
5169802
5170657
5170719
5170785
5171094
5171407
5171534
5171959
5172194
5172282
5172395
5173057
5173263
5173722
5173906
5174059
5174463
5174739
5175320
5176034
5176104
5176336
5176399
5178082
5178163
5178437
5178526
5178612
5179375
5179986
5180562
5180656
5180921
5181636
5181894
5182007
5182817
5183321
5183425
5183804
5184146
5184273
5184469
5184675
5185450
5185514
5185824
5186489
5187026
5187175
5188589
5188682
5190197
5190252
5190508
5190998
5191099
5191848
5192361
5192673
5192862
5193188
5193375
5193545
5193663
5193856
5194634
5195653
5195707
5196176
5196584
5197089
5197869
5198495
5198721
5198866
5199374
5199842
5199912
5200109
5200584
5201010
5201092
5201241
5201401
5201495
5201779
5202038
5202091
5202360
5202429
5203326
5204220
5204331
5204636
5205052
5205302
5205517
5205785
5205836
5205907
5206032
5206711
5206763
5207035
5207111
5207578
5207938
5207991
5208011
5208027
5208135
5208190
5208459
5208487
5208848
5208850
5209266
5209513
5209712
5210249
5210641
5211330
5211509
5211927
5212609
5212736
5212987
5213365
5213708
5214789
5215186
5215354
5215722
5215878
5215935
5216064
5216819
5216967
5217376
5217436
5218293
5218486
5220036
5220179
5220323
5220720
5220772
5220997
5221004
5221123
5221134
5221171
5221205
5221935
5221979
5222157
5222594
5222833
5223732
5225103
5225156
5225347
5225491
5225999
5226245
5226499
5226871
5227580
5228096
5228231
5228338
5228666
5228792
5228835
5229003
5229473
5229508
5229510
5230276
5230366
5230719
5230996
5231085
5231321
5231555
5231609
5232206
5233429
5233953
5234101
5234130
5234266
5234617
5234754
5234886
5235389
5235618
5235844
5235890
5235983
5236503
5236845
5237256
5237285
5237525
5237541
5237596
5238044
5238142
5238481
5238530
5238913
5238957
5239289
5239611
5240888
5240963
5241635
5241644
5241932
5244496
5245228
5246123
5246562
5246640
5247505
5247536
5247890
5248444
5248627
5248908
5248971
5249044
5249493
5250165
5250528
5250585
5250818
5250915
5251409
5251625
5251972
5252042
5252070
5253130
5253229
5253546
5253606
5253682
5255081
5255173
5255213
5255955
5256467
5256954
5257221
5257290
5257515
5257762
5258622
5258637
5258705
5258838
5259012
5259633
5259771
5260183
5260606
5260855
5260985
5261287
5261298
5261563
5261674
5261723
5261806
5261890
5262300
5262406
5262529
5262658
5262701
5262894
5262967
5263526
5264293
5265344
5265508
5265592
5265959
5265975
5266323
5266560
5267447
5268793
5268878
5269177
5269217
5269326
5269854
5269936
5270149
5270284
5270433
5270543
5270575
5271257
5271316
5271343
5271387
5271406
5271468
5271769
5272096
5272890
5273252
5273799
5273900
5273959
5274008
5274495
5274631
5274744
5274909
5275530
5275797
5275800
5275859
5276002
5277198
5277281
5277553
5277582
5278087
5278098
5278572
5279400
5279791
5279850
5280711
5282017
5282105
5282501
5282641
5282957
5283050
5283670
5284066
5284217
5284537
5284839
5285977
5286287
5287123
5287429
5287598
5287750
5287847
5289248
5289449
5289579
5289620
5289672
5290300
5290699
5290783
5290949
5291052
5291100
5291732
5292059
5292617
5292668
5292849
5292994
5293554
5293588
5293683
5293918
5293974
5294122
5294262
5294419
5294806
5294817
5295273
5295483
5295833
5296332
5296437
5296547
5296733
5297201
5297439
5297742
5298185
5298290
5298841
5299065
5299429
5300098
5300130
5300707
5300741
5300919
5301096
5301357
5301674
5301890
5302064
5302658
5302856
5304116
5304517
5305151
5305382
5305407
5305460
5306277
5306355
5306459
5306498
5306560
5306738
5306809
5306918
5307189
5307528
5308451
5309051
5309378
5310327
5310483
5310675
5310915
5311021
5311136
5311361
5311394
5311415
5312005
5312144
5313152
5314312
5314500
5315037
5315093
5315257
5315529
5315877
5316761
5316805
5317097
5317185
5317290
5318592
5318736
5318770
5319115
5319952
5320155
5320402
5320433
5320575
5320830
5321828
5322150
5322485
5322563
5322723
5322983
5323962
5324600
5324829
5324948
5325688
5325766
5326194
5326221
5326282
5326301
5326404
5326581
5326724
5326762
5327001
5327345
5327486
5327912
5328855
5329371
5329459
5329713
5329772
5329864
5330252
5330916
5331487
5331539
5331647
5331966
5332184
5332271
5332595
5332898
5333331
5333658
5334045
5334206
5334330
5335557
5335589
5335956
5335994
5336193
5336391
5336602
5337020
5337603
5337990
5338948
5339001
5339159
5340292
5340377
5340422
5341775
5342061
5342129
5342571
5343137
5343200
5343536
5343542
5343817
5344121
5344323
5344475
5344541
5345325
5345445
5346022
5346093
5346125
5346795
5347075
5347513
5348248
5349010
5349430
5349897
5350181
5350262
5350346
5350680
5350792
5350853
5350995
5351225
5351311
5351577
5352480
5352935
5353033
5353905
5354747
5355095
5355434
5355907
5355973
5356344
5356510
5356975
5357035
5357208
5357210
5357319
5357328
5357415
5357437
5357607
5357673
5357745
5358011
5358232
5358308
5358424
5358809
5358837
5358902
5359796
5360033
5361436
5361589
5361712
5361985
5362293
5362345
5362449
5362728
5363010
5363113
5363358
5363384
5363401
5363430
5364230
5364425
5364916
5365678
5366171
5366307
5366451
5366474
5366982
5367007
5367096
5367148
5367365
5367428
5367527
5367853
5367930
5368213
5368362
5368417
5368518
5368752
5368795
5368971
5369328
5369965
5370611
5370967
5371215
5371408
5371613
5371689
5371960
5372322
5372712
5372741
5373285
5373669
5373809
5373945
5374073
5374346
5374485
5374602
5374792
5375010
5375426
5375874
5375909
5376920
5377180
5377214
5378132
5378537
5378841
5378942
5379046
5379433
5380308
5380334
5380349
5380791
5380945
5381325
5381895
5382327
5382528
5382909
5383124
5383486
5383657
5383960
5384021
5384255
5384415
5384481
5385253
5385743
5385798
5385970
5386635
5387076
5387265
5387795
5388096
5388231
5388391
5388599
5389407
5389454
5389534
5390052
5390198
5390302
5390410
5390553
5390672
5390836
5390899
5391247
5391344
5391508
5391648
5391804
5392290
5392548
5392634
5393474
5393656
5393830
5394043
5394059
5394130
5395224
5395708
5396478
5397443
5397864
5397876
5399015
5399213
5399398
5399714
5399986
5399992
5400431
5401004
5401057
5401091
5402008
5402495
5402948
5403941
5404053
5404136
5404271
5404340
5404464
5404991
5405140
5405244
5405472
5406218
5406886
5406956
5407406
5407611
5407934
5408357
5409032
5410173
5411410
5411521
5411646
5411842
5412098
5412114
5412126
5412350
5412810
5412871
5413334
5413392
5413487
5413809
5414584
5414792
5414879
5416111
5416481
5416552
5417586
5417637
5417931
5418029
5418420
5419192
5419445
5419598
5419628
5419677
5419748
5420181
5420879
5421225
5421483
5422046
5422516
5422628
5422694
5422847
5423002
5426763
5427292
5427409
5427797
5427824
5428630
5428864
5429932
5429977
5430404
5430623
5430984
5431266
5431322
5431350
5431621
5432434
5432657
5432925
5433055
5433113
5433239
5433273
5434247
5434412
5434959
5435277
5437710
5438173
5438566
5439696
5439824
5439831
5439946
5440083
5440374
5440380
5440665
5440756
5440827
5441166
5441460
5442581
5442610
5442825
5442927
5443814
5444405
5444436
5445039
5445372
5445391
5445536
5445599
5447135
5447294
5447416
5447626
5448718
5449204
5449291
5449468
5449627
5450826
5450883
5450968
5451300
5451545
5451642
5451955
5452122
5452542
5452558
5453040
5453061
5453488
5453891
5454023
5454086
5454469
5456132
5457351
5457590
5457805
5457870
5458114
5458546
5458653
5458928
5458977
5459106
5459431
5459652
5459929
5460592
5460711
5461106
5461190
5461539
5462271
5462501
5463291
5463908
5464097
5464942
5465183
5465668
5465867
5465903
5466109
5466137
5466755
5467500
5467619
5467990
5468430
5468897
5469014
5469083
5469318
5469506
5469811
5470239
5470305
5470687
5470706
5471082
5471158
5471745
5472084
5472424
5472815
5472951
5473867
5474236
5475257
5475795
5475885
5475955
5476198
5476805
5477002
5477029
5477217
5477491
5477873
5477911
5478129
5478567
5478622
5478650
5479767
5480098
5480229
5480405
5480635
5481150
5481419
5481651
5481947
5482141
5482257
5482566
5482684
5482803
5482986
5483223
5483437
5483733
5484380
5484657
5484811
5485247
5485368
5485763
5486459
5486475
5486512
5486601
5486695
5487519
5487528
5487790
5487909
5488108
5488134
5488211
5488562
5489066
5489623
5489927
5490660
5490898
5490938
5490972
5492019
5492727
5492736
5492889
5493298
5493304
5493338
5493428
5493432
5493995
5494310
5494386
5494918
5494929
5495396
5496529
5497322
5497513
5497591
5498449
5499616
5499721
5499948
5500191
5500447
5500519
5500687
5501501
5501660
5501688
5501831
5501965
5501991
5502261
5502416
5503760
5503823
5504433
5505213
5505663
5506116
5506827
5507314
5507472
5507548
5507550
5507655
5508959
5509007
5509041
5509287
5509835
5510347
5510383
5510896
5510942
5511621
5511760
5511919
5512899
5512907
5512954
5513157
5513426
5514454
5514998
5515203
5515431
5515678
5515848
5516429
5516628
5517505
5518112
5518545
5518752
5519271
5519356
5519843
5520085
5520382
5520508
5521285
5521498
5521669
5521876
5522035
5522053
5522142
5522718
5523173
5523611
5523803
5524103
5524564
5524576
5524692
5525178
5526338
5526391
5526477
5526952
5526969
5527284
5527402
5527793
5527801
5528540
5528964
5529302
5529471
5529492
5530112
5530213
5530220
5530518
5530832
5530840
5530923
5531345
5531455
5531506
5531665
5531939
5532152
5532690
5533431
5534485
5534749
5534901
5534983
5534995
5535845
5535897
5537571
5537838
5538330
5538762
5539167
5539466
5539480
5539562
5539640
5539814
5540031
5540130
5540274
5540350
5540513
5540617
5541096
5541243
5541511
5543862
5543989
5544553
5545077
5545094
5545317
5545473
5546219
5546630
5546789
5546791
5546966
5547023
5547447
5547675
5547779
5548418
5548466
5548656
5549420
5549522
5549671
5549860
5550464
5550780
5550859
5551301
5551457
5551509
5551692
5551825
5552278
5552508
5552681
5552813
5553216
5553602
5553633
5554135
5555072
5555429
5555632
5555685
5555917
5556064
5556246
5556316
5556375
5556840
5556856
5556908
5557114
5557463
5557741
5557903
5557932
5558544
5558579
5558870
5558884
5559273
5559483
5560697
5560767
5560914
5560969
5561430
5562186
5562205
5562227
5562242
5563080
5563457
5563610
5563623
5563807
5563854
5563936
5563942
5564257
5564453
5564479
5565001
5565351
5565703
5566681
5567210
5567437
5567547
5567766
5567887
5568285
5568560
5568809
5569903
5571155
5572172
5572305
5572782
5572937
5573302
5573732
5573858
5574267
5574437
5574751
5574989
5575103
5575253
5575841
5575905
5576169
5576679
5576712
5577076
5577642
5578403
5578666
5579094
5579368
5579555
5579615
5579799
5579813
5579838
5579900
5580001
5580293
5580761
5580960
5581425
5581439
5581857
5582051
5582564
5582593
5582623
5583038
5583167
5583603
5583722
5583764
5583895
5584513
5584617
5584653
5585365
5585723
5585882
5586138
5586469
5586483
5586519
5587240
5587695
5587997
5588208
5588448
5588464
5588476
5589112
5589545
5590325
5590373
5590661
5590878
5591658
5591726
5592786
5592879
5593353
5593473
5593508
5593987
5594008
5594034
5594305
5594447
5594643
5594802
5595017
5595286
5596045
5596185
5596762
5596839
5596860
5596905
5597646
5597728
5597954
5598606
5598707
5598892
5598928
5599400
5599652
5600247
5600295
5600705
5601153
5601498
5602625
5603037
5603048
5603081
5603375
5603778
5603955
5604045
5604244
5604268
5604326
5604457
5604716
5604807
5604812
5605442
5605458
5605470
5605499
5606216
5606304
5606645
5606697
5606853
5606947
5607020
5607065
5607307
5607373
5607480
5607587
5607694
5607895
5608086
5608426
5608495
5608556
5608717
5608829
5608964
5609423
5609740
5610004
5610108
5610186
5610339
5610737
5611081
5611479
5612389
5612391
5612651
5612901
5613676
5614829
5614937
5615394
5615625
5615824
5616221
5616564
5616692
5616963
5617047
5617162
5618322
5618442
5618499
5618538
5618617
5619678
5619809
5620327
5620577
5620993
5621044
5621255
5621639
5621660
5621745
5622117
5622431
5622720
5623000
5623348
5623442
5623644
5623690
5623928
5624307
5624497
5624764
5624826
5625139
5625714
5625795
5625971
5625992
5626143
5626657
5626691
5626777
5626805
5627352
5628133
5628247
5629088
5629651
5629680
5630436
5630591
5630725
5631060
5631674
5631835
5631969
5632015
5632064
5632362
5632885
5633481
5633774
5633816
5633913
5634143
5634351
5634836
5635003
5635040
5635637
5635799
5636005
5636042
5636135
5636512
5636713
5636864
5636951
5637577
5637721
5638065
5638341
5638480
5639634
5639787
5640139
5640141
5640289
5640316
5640529
5640783
5641397
5642871
5642977
5643070
5643135
5643431
5643704
5644012
5644115
5644148
5644287
5644602
5644817
5644952
5645845
5646035
5646068
5646082
5646199
5646210
5646607
5646654
5647197
5647269
5647664
5648119
5648194
5649737
5649748
5649968
5649979
5650386
5650541
5650647
5650695
5651110
5651474
5651826
5652447
5652659
5652874
5653030
5653293
5653423
5653785
5654448
5654569
5654766
5654862
5655029
5655743
5655759
5655775
5655812
5655958
5656218
5656233
5656266
5656364
5656470
5657272
5657894
5659133
5659214
5659846
5659998
5660318
5660380
5660689
5661040
5661145
5661770
5662051
5662268
5662279
5662509
5663339
5663360
5663418
5663480
5663737
5664337
5664635
5664867
5665096
5665122
5665231
5665890
5666010
5666273
5666342
5666430
5667153
5667285
5667367
5667704
5667789
5667791
5668234
5668797
5669324
5669627
5670035
5670328
5670422
5670654
5670660
5671103
5671649
5671667
5671743
5671888
5672133
5672295
5672382
5672488
5673536
5673666
5674310
5674323
5674349
5674507
5674945
5675013
5675186
5675373
5676076
5676093
5676272
5676783
5676894
5676971
5677114
5677218
5677364
5677653
5677739
5678162
5678222
5678941
5679212
5680200
5680755
5680983
5681273
5681305
5681358
5681675
5681897
5682192
5682373
5682388
5683074
5683457
5683550
5683762
5684272
5684300
5684316
5684627
5685078
5685131
5685264
5685449
5685553
5685657
5685665
5685719
5686390
5686549
5686693
5686742
5687136
5687170
5687493
5687774
5688588
5688945
5690369
5690860
5691098
5691169
5691520
5691871
5692613
5692638
5693845
5693897
5693909
5694382
5694439
5694813
5695240
5695308
5695713
5695864
5696227
5696480
5696830
5697039
5697527
5697926
5697952
5698112
5698670
5699035
5699816
5699957
5700246
5700421
5701159
5702470
5702760
5703058
5703117
5703179
5703539
5703554
5703614
5703822
5703837
5704978
5705370
5705866
5706340
5706898
5707269
5708161
5708576
5708593
5708724
5708731
5708825
5708888
5708905
5709149
5709307
5709429
5710056
5710872
5711228
5712223
5712464
5712476
5712641
5712654
5712831
5712991
5713154
5713529
5713580
5713699
5714762
5714958
5715016
5716365
5716771
5716821
5716882
5716983
5717046
5718034
5718561
5718585
5718753
5718937
5719366
5720045
5720352
5720686
5721195
5721932
5722069
5722703
5723207
5723782
5723829
5724180
5724439
5724534
5724758
5724891
5725601
5726091
5726429
5726694
5726764
5726793
5726826
5727137
5727148
5727755
5728398
5729210
5729267
5729286
5729328
5729751
5729938
5730239
5730399
5730495
5730721
5731111
5731136
5731332
5731464
5732042
5732626
5732850
5733381
5733690
5733892
5734263
5734270
5734497
5734628
5734781
5735022
5735417
5736047
5737097
5737446
5737825
5738425
5738460
5738900
5739012
5739216
5739563
5739901
5740005
5740475
5740997
5741543
5741715
5741750
5741953
5742336
5742950
5744079
5744255
5744415
5744859
5745002
5745326
5745472
5745593
5745787
5745958
5745999
5746233
5746668
5746690
5746707
5746808
5746871
5746985
5747204
5748298
5748338
5748629
5748666
5748680
5748890
5749174
5749758
5749846
5750030
5750069
5750187
5750863
5751151
5751180
5751214
5751496
5751523
5751987
5752608
5752655
5752671
5753167
5753402
5753480
5753516
5753531
5753543
5753661
5753781
5753793
5753944
5754513
5754589
5754653
5754977
5755012
5755461
5755511
5755755
5755821
5755947
5756010
5756643
5756706
5756922
5758068
5758286
5758476
5759417
5759533
5759840
5759986
5760480
5760709
5760935
5761435
5761551
5761730
5761967
5762109
5762224
5762275
5763197
5763321
5763567
5763705
5763838
5764273
5764735
5765208
5765377
5765595
5765946
5766156
5766161
5766326
5766465
5766812
5767248
5767672
5768126
5768169
5768183
5768871
5768961
5769310
5769746
5769850
5770364
5770892
5771461
5771477
5771536
5771710
5771930
5772580
5772894
5773090
5773255
5774187
5774248
5774366
5774925
5775201
5775214
5775549
5775891
5776261
5776416
5776512
5776695
5776822
5777336
5777993
5778123
5778205
5778445
5778474
5778968
5778990
5779051
5779235
5779268
5779290
5779759
5780068
5780142
5780625
5780957
5780991
5781051
5781509
5781963
5781999
5782252
5782891
5783389
5783710
5783914
5784951
5785091
5785307
5785497
5785685
5785781
5786316
5786331
5786421
5786551
5786730
5787087
5787381
5787788
5788264
5788870
5788925
5789212
5789503
5789662
5789687
5789851
5790193
5790456
5790969
5791561
5791851
5791874
5791976
5792418
5792497
5792878
5794037
5794444
5794597
5794636
5795078
5795449
5795960
5796226
5796247
5796335
5796784
5796872
5797127
5797170
5797552
5798219
5798277
5798424
5799251
5799322
5799741
5799773
5800422
5800481
5802269
5802664
5803947
5804058
5804099
5804106
5804179
5804367
5805108
5805429
5805982
5806188
5806291
5806444
5806605
5807043
5807364
5807621
5808366
5808449
5809146
5809358
5809768
5811338
5812627
5813547
5813920
5814014
5814345
5814939
5815056
5815214
5815407
5815592
5815615
5816386
5816487
5816498
5816596
5816626
5816695
5816791
5817384
5817768
5818632
5818640
5818869
5818935
5819268
5819314
5820052
5820187
5820293
5820646
5820836
5820941
5821102
5821247
5821306
5822074
5822185
5822235
5822383
5822984
5823445
5823764
5824130
5824499
5824513
5825477
5825505
5826207
5826880
5827308
5827541
5829291
5829840
5830155
5830354
5830640
5830677
5831272
5831289
5831684
5831840
5832122
5832697
5832723
5833118
5833230
5833247
5833335
5834260
5834561
5834698
5834948
5835017
5836217
5837276
5837553
5837912
5838538
5838985
5839084
5839678
5839837
5840137
5841165
5841495
5841744
5842038
5842046
5842628
5842781
5843515
5843634
5844107
5844257
5844417
5844684
5845939
5846019
5847136
5847569
5847595
5847972
5848400
5848512
5848902
5849233
5849337
5849679
5849754
5850097
5850655
5850724
5850743
5850787
5851000
5851364
5851393
5852215
5852329
5852582
5852740
5853104
5853950
5854317
5854496
5854664
5854763
5854865
5854872
5856004
5856046
5856360
5856396
5856500
5856748
5857505
5858421
5859303
5860483
5860874
5861170
5861208
5861751
5861800
5862203
5862626
5862695
5863024
5863653
5863903
5864038
5864089
5864587
5864715
5864764
5865076
5865670
5865971
5866052
5866159
5866689
5866960
5868028
5868891
5868962
5869338
5869536
5869680
5869708
5869786
5870180
5870865
5871416
5871647
5871850
5872053
5872127
5872234
5872514
5872745
5872780
5872965
5873636
5873923
5873971
5874369
5874564
5874896
5875315
5875690
5875741
5875903
5876320
5876651
5876666
5876674
5876710
5877091
5877110
5877402
5877543
5877640
5877722
5878254
5878478
5879069
5879078
5879187
5879423
5879471
5879521
5879544
5879907
5879973
5880417
5880444
5881116
5881672
5882087
5882101
5882376
5882621
5882994
5883308
5883588
5884137
5884320
5884734
5884792
5884926
5885430
5885735
5886136
5886332
5887102
5887201
5887353
5888413
5888873
5889628
5889694
5889709
5889722
5889814
5890011
5890371
5891270
5891388
5891429
5891531
5891953
5892034
5892049
5892071
5892452
5892561
5892631
5893131
5893198
5893366
5893455
5894017
5894158
5894595
5894913
5895185
5895301
5896867
5898096
5898817
5898844
5899094
5899214
5899247
5899454
5899508
5899664
5900159
5900408
5900455
5900638
5901891
5902438
5903091
5903171
5904183
5904849
5905262
5905542
5905563
5905618
5906010
5906305
5906495
5906851
5906909
5906950
5907334
5907881
5908223
5908267
5908394
5908448
5908547
5908660
5908875
5909064
5909139
5909627
5909832
5909885
5910541
5912478
5912675
5913026
5913069
5913175
5913380
5913657
5914208
5914210
5914286
5914332
5914340
5914476
5914654
5915395
5915888
5917076
5917545
5918262
5918287
5918432
5918633
5918771
5919102
5920208
5920493
5920578
5920625
5920972
5921080
5921128
5921404
5922102
5922321
5922650
5922705
5923096
5923599
5923708
5923734
5923835
5924042
5924144
5924525
5924929
5925299
5925445
5925516
5926417
5926778
5926908
5926967
5927059
5927484
5927707
5928302
5928318
5928345
5928374
5928380
5928925
5929600
5929866
5930216
5931010
5931818
5932038
5932108
5932562
5932878
5933235
5933369
5933686
5934861
5935026
5935237
5935665
5937090
5937286
5937660
5937965
5938386
5938416
5939062
5940046
5940396
5940587
5940750
5940944
5940979
5941037
5941154
5942914
5943510
5943838
5943872
5943889
5944138
5944239
5944478
5944818
5944897
5945654
5946369
5947078
5947124
5947410
5947794
5948098
5948202
5948245
5948337
5948520
5949153
5950145
5950252
5950407
5950959
5951117
5951179
5951285
5951308
5951443
5951704
5951945
5953257
5953421
5953605
5953955
5954290
5954314
5955075
5955280
5955427
5955546
5956419
5956440
5956767
5957155
5958414
5959187
5959366
5959492
5959672
5959836
5960730
5960885
5961052
5961209
5961222
5961345
5961380
5962309
5962348
5962393
5963929
5964012
5964025
5964563
5964952
5965384
5965495
5965577
5965845
5966105
5966625
5966797
5967390
5967508
5967609
5968132
5968347
5968649
5968724
5969186
5969445
5969451
5969543
5970080
5970378
5970888
5971229
5971411
5971834
5971903
5972568
5972836
5973483
5973540
5973616
5973735
5973744
5973964
5974166
5974247
5974278
5974813
5975334
5976108
5976110
5976388
5976500
5976524
5976883
5977137
5977536
5977853
5978406
5978574
5978714
5978910
5979493
5979702
5980067
5980305
5981887
5982121
5982135
5982487
5982626
5982966
5983152
5983520
5984167
5984270
5984312
5984516
5984661
5984677
5985482
5985701
5986535
5986582
5986811
5986870
5986941
5987097
5987352
5987775
5987873
5987911
5988637
5988742
5988813
5989073
5989821
5989978
5990000
5990679
5991275
5991346
5991914
5991969
5992076
5992160
5992196
5992316
5992551
5993526
5993639
5994672
5995061
5995379
5995454
5995523
5996323
5996487
5996791
5996837
5996864
5998004
5998065
5998110
5998598
5999029
5999301
5999457
5999623
5999963
6000658
6001047
6001159
6002463
6002725
6002808
6002886
6002919
6003541
6003791
6003837
6004697
6004755
6004952
6005327
6005358
6005363
6005937
6006660
6006859
6007032
6007252
6007321
6007534
6007549
6007784
6008074
6008119
6008128
6008161
6009057
6009091
6009750
6010129
6010637
6010650
6010681
6010784
6011386
6011392
6011424
6011695
6012199
6012208
6012654
6012673
6012920
6012989
6012991
6013009
6013490
6013840
6013861
6013934
6013971
6014194
6014564
6014581
6014905
6015315
6015823
6016060
6016558
6017110
6017167
6017474
6017531
6017559
6017852
6018092
6018254
6019116
6019620
6019657
6020132
6020290
6020420
6021810
6021855
6022471
6022590
6022761
6023157
6023165
6023561
6023616